#,set,project,patch_relpath,subject,relevance_firstpass,port_decision,agent_status,agent_confidence_0_100,agent_comment
1,patches_treble_prerequisite,packages_modules_Bluetooth,packages_modules_Bluetooth/0001-Revert-gd-hci-Allow-disabling-selected-local-command.patch,"Revert ""gd: hci: Allow disabling selected local commands""",UNCERTAIN,PORT (fallback),VERIFIED_HIGH,96,"DROPPED_OBSOLETE confirmed independently. A16 split system/gd/hci/controller.cc into controller_impl.cc and the upstream 'bluetooth.hci.disabled_commands' masking (AOSP 543afb3d) is absent: repo-wide grep for disabled_commands over the pristine baseline returns 0 matches, controller.cc no longer exists, and git log --all --grep finds no such commit. read_local_supported_commands_complete_handler (controller_impl.cc l.364-370) is a bare assignment. The revert has no target and nothing to remove."
2,patches_treble_prerequisite,hardware_lineage_compat,hardware_lineage_compat/0001-Revert-compat-Provide-libprotobuf-cpp-vendorcompat-p.patch,"Revert ""compat: Provide libprotobuf-cpp vendorcompat",UNCERTAIN,PORT (fallback),VERIFIED_HIGH,96,"Provenance clean: original patch sha256 3094728b0879d3bfd3a9d43dd2679454672849f4efbfc11cd411a239c56bb5f8 matches both the canonical L21 stack and PATCH_INDEX.sha256; baseline 9e8811a297036c370f7643813a3c733f6e442d86 equals HEAD of /root/custom_android/lineage23/hardware/lineage/compat (lineage-23.2); candidate artifact sha256 246f3371e729d995c1f74bbe3475bc40b78416dbee6c8e979fba229e93ba8786 matches the porter result. Rebase is minimal and faithful: git show --numstat of the applied commit is '0 44 Android.bp' plus exactly the four binary deletions vndk/v29/{arm,arm64}/libprotobuf-cpp-{full,lite}.so, i.e. precisely the file set that upstream 770258c added (38 Android.bp lines + 4 symlinks at A14; 44 lines + 4 real blobs at A16 after 00c45bb added shared_libs to those two blocks and 3d17b9f rewrote the symlinks as real binaries). Necessity independently confirmed and strengthened: prebuilts/vndk/v28/Android.bp:134,166 define the identical module names with no soong_namespace, that project is pulled in only by the TrebleDroid local manifest (.repo/local_manifests/td-layer.xml:20), vendor/lineage/config/common.mk PRODUCT_SOURCE_ROOT_DIRS does not prune it, and device/phh/treble/base.mk:262 still sets PRODUCT_EXTRA_VNDK_VERSIONS += 28 29 - so the duplicate-Soong-module-name collision the revert clears is real in our A16 TD tree, which also explains why stock LineageOS is unaffected. No fix was needed; the porter's artifact is accepted unchanged. One non-material correction to the porter evidence: prebuilts/vndk/v29 does exist in our tree (TD manifest, platform_prebuilts_vndk_v29 @ android-16.0.0_r2-td); LineageOS imported real blobs because stock LineageOS does not sync it, not because our tree lacks it - the resulting revert is identical either way."
3,patches_treble_prerequisite,frameworks_base,frameworks_base/0001-Squashed-revert-of-LOS-UDFPS-changes.patch,Squashed revert of LOS UDFPS changes,OEM/absent-hw,REVIEW (PORT if any doubt),VERIFIED_HIGH,93,"Skip re-verified on payload, not filename. All seven files touched by the A14 squashed revert are UDFPS-only (udfps_icon_pressed.png, layout/udfps_view.xml, SystemUI lineage_config.xml UDFPS keys, UdfpsControllerOverlay.kt, UdfpsHelper.kt, UdfpsSurfaceView.java, UdfpsView.kt); none is generic shared code. In the A16 baseline udfps_view.xml and UdfpsView.kt no longer exist and UdfpsHelper/UdfpsSurfaceView were rewritten into UdfpsControllerOverlay/UdfpsTouchOverlay, so the revert has no faithful target; and the C10 has no fingerprint sensor at all, so the LineageOS UDFPS behaviour it reverts is unreachable. The revert existed only as a prerequisite for FOD patches #146/#154/#159, which are skipped as a group."
4,patches_treble_prerequisite,frameworks_base,frameworks_base/0002-Revert-Biometrics-Allow-disabling-of-fingerprint-cle.patch,"Revert ""Biometrics: Allow disabling of fingerprint",OEM/absent-hw,REVIEW (PORT if any doubt),FIXED_VERIFIED_HIGH,92,"Porter DROPPED_OBSOLETE rationale corrected and the patch restored. Fingerprint21.java is indeed deleted at A16 (de-HIDL clean-up 0d94465a0c22, confirmed by git log and ls of hidl/), but the LineageOS logic the patch reverts MIGRATED rather than disappeared: FingerprintProvider.java (aidl/) still declares 'private boolean mCleanup' (l.139), still reads org.lineageos.platform.internal.R.bool.config_cleanupUnusedFingerprints in the constructor (l.212-213) and still gates scheduleInternalCleanup with 'if (!mCleanup) return;' (l.687-689). I re-created the revert at the migrated site; the exported patch removes exactly those three sites and nothing else."
5,patches_treble_prerequisite,frameworks_native,frameworks_native/0001-Revert-surfaceflinger-Allow-ZOrder-override-for-UDFP.patch,"Revert ""surfaceflinger: Allow ZOrder override for UDFPS",OEM/absent-hw,REVIEW (PORT if any doubt),VERIFIED_HIGH,95,"Candidate is a genuine git revert of A16 LineageOS commit 9a08231b46 (verified to exist and to be an ancestor of baseline 9a9d8be686), which is the A16 carrier of the A14-reverted 4249f5a0e6. Removes UDFPS_DIM_LAYER_NAME, getUdfpsDimZOrder and the dim-layer branch in OutputLayer::writeOutputDependentGeometryStateToHWC."
6,patches_treble_prerequisite,frameworks_native,frameworks_native/0002-Revert-CompositionEngine-Request-device-composition-.patch,"Revert ""CompositionEngine: Request device composition for",UNCERTAIN,PORT (fallback),VERIFIED_HIGH,95,"Genuine git revert of A16 commit 4ab9fab608 (ancestor of baseline), the A16 carrier of A14-reverted 69fad8aa40; restores the AOSP range-based loop in Output::findLayerRequestingBackgroundComposition and drops the UdfpsExtension include."
7,patches_treble_prerequisite,frameworks_native,frameworks_native/0003-Revert-surfaceflinger-Add-support-for-Udfps-extensio.patch,"Revert ""surfaceflinger: Add support for Udfps extension",OEM/absent-hw,REVIEW (PORT if any doubt),VERIFIED_HIGH,94,"Genuine git revert of A16 commit a78f40218e (ancestor of baseline): deletes UdfpsExtension.{h,cpp}, removes the source from libcompositionengine_sources, drops surfaceflinger_udfps_lib and its defaults (A16 soong-config select form resolved cleanly), and restores hwcLayer->setZOrder(z)."
8,patches_treble_td,platform_frameworks_native,platform_frameworks_native/0001-On-Samsung-we-need-to-send-a-hack-message-to-HAL-to-.patch,"On Samsung, we need to send a hack-message to HAL to",OEM/absent-hw,REVIEW (PORT if any doubt),VERIFIED_HIGH,96,Clean am; applied hunk in services/sensorservice/SensorDevice.cpp is byte-identical to the A14 original (property-gated setMode(5555) at the top of initializeSensorList plus the properties.h include).
9,patches_treble_td,platform_frameworks_native,platform_frameworks_native/0002-Matching-an-input-with-a-display-uses-uniqueId.patch,Matching an input with a display uses uniqueId,UNCERTAIN,PORT (fallback),VERIFIED_HIGH,93,"Rebased correctly: the three added lines (copy of mIdentifier.location with fallback to mIdentifier.uniqueId) land at the surviving location anchor immediately before the by-port association lookup in InputDevice::configureInternal, after A16 split off a by-descriptor path and renamed the config maps."
10,patches_treble_td,platform_frameworks_native,platform_frameworks_native/0003-unshared_oob-didn-t-exist-in-O-P-so-detect-its-suppo.patch,"unshared_oob didn't exist in O/P, so detect its",UNCERTAIN,PORT (fallback),VERIFIED_HIGH,95,Clean am; single-line change in cmds/installd/migrate_legacy_obb_data.sh identical to the A14 original.
11,patches_treble_td,platform_frameworks_native,platform_frameworks_native/0004-Remove-Samsung-system-permission-on-sensors.patch,Remove Samsung system permission on sensors,OEM/absent-hw,REVIEW (PORT if any doubt),VERIFIED_HIGH,95,Clean am; hunks identical to A14. getRequiredPermission() returns the new empty mFakeRequiredPermission only when the vendor permission string equals com.samsung.permission.SSENSOR.
12,patches_treble_td,platform_frameworks_native,platform_frameworks_native/0005-Mark-accelerometer-input-as-sensor-exclusively-if-th.patch,Mark accelerometer input as sensor exclusively if there,CORE-likely-RELEVANT,PORT,VERIFIED_HIGH,95,Clean am; EventHub::openDeviceLocked now requires at least one ABS axis before classifying an INPUT_PROP_ACCELEROMETER device as InputDeviceClass::SENSOR - logic identical to A14.
13,patches_treble_td,platform_frameworks_native,platform_frameworks_native/0006-MIUI13-devices-hide-their-vibrator-HAL-behind-non-de.patch,MIUI13 devices hide their vibrator HAL behind,OEM/absent-hw,REVIEW (PORT if any doubt),VERIFIED_HIGH,94,"Rebase is correct: A16 dropped the HIDL vibrator path and rewrote connectHal around AServiceManager_isDeclared/waitForService; the candidate clones that exact idiom for instance vibratorfeature in the same relative position and keeps the log string. It independently matches AndyYan lineage-22-light patch 0001 (only namespace qualification differs, correctly)."
14,patches_treble_td,platform_frameworks_native,platform_frameworks_native/0007-powermanager-Add-support-Samsung-miscpower-HAL.patch,powermanager: Add support Samsung miscpower HAL,OEM/absent-hw,REVIEW (PORT if any doubt),VERIFIED_HIGH,91,"Faithful rebase: loader/controller/wrapper structure and diffstat match the A14 original, with only A16-mandated type changes (hal:: alias, createHintSession returning HalResult<shared_ptr<PowerHintSessionWrapper>>). Static verification: EmptyHalWrapper implements every A16 pure virtual (createHintSessionWithConfig, getSessionChannel, closeSessionChannel, getSupportInfo, sendCompositionData/Update) so HidlHalWrapperSeh is concrete; the file aliases (using namespace android::hardware::power, namespace Aidl) make V1_0::PowerHint/Feature and Aidl::Boost/Mode resolve; HalResult<void>::fromReturn(Return<R>&) exists in HalResult.h; vendor.samsung.hardware.miscpower@2.0 with oneway setInteractiveAsync(bool,int32_t) is present in the target vendor/interfaces and wired into both Android.bp files."
15,patches_treble_td,platform_frameworks_native,platform_frameworks_native/0008-FOD-support-for-Samsung-and-Asus.patch,FOD support for Samsung and Asus,OEM/absent-hw,REVIEW (PORT if any doubt),VERIFIED_HIGH,91,"Faithful 12-file rebase. Key adaptation verified: A16 moved BLAST consumer creation from the ctor into initialize(), so the FOD usage bit keys on the mName member - mName is assigned in the ctor (line 258) before initialize() runs (line 279) and find() is a substring search, so matching is unchanged. Gralloc2/3/4 BAD_VALUE removals, the OutputLayer Asus layer-class calls and the ComposerHal / AidlComposer(no-op) / HidlComposer(vendor800_1) / HWC2 setLayerClass plumbing match A14, with every override checked against its base declaration."
16,patches_treble_td,platform_frameworks_native,platform_frameworks_native/0009-Add-MTK-GED-KPI-support-to-fix-broken-Mediatek-gpufr.patch,Add MTK GED KPI support to fix broken Mediatek gpufreq,OEM/absent-hw,REVIEW (PORT if any doubt),FIXED_VERIFIED_HIGH,92,"The candidate applied cleanly but could not compile. Five defects found and fixed: (1) a literal backslash-n instead of a line continuation in the GED_BRIDGE_IO_GPU_TIMESTAMP macro, i.e. a stray backslash at four expansion sites; (2) a raw NUL byte written into libs/gui/Surface.cpp; (3) a raw newline inside a character literal; (4) IInterface::asBinder(listener) although A16 Surface::connect() takes sp<SurfaceListener>, which derives from RefBase and is not an IInterface; (5) no NO_BINDER guard although A16 also compiles Surface.cpp into libgui_bufferqueue_static with -DNO_BINDER, plus android-base/properties.h placed inside the binder-only include block while GetIntProperty is called unconditionally. The fix was validated with a g++ -fsyntax-only harness, a byte scan (zero control bytes remaining) and a full fresh cumulative apply; the independently derived fix matches the partial attempt-1 fix tree byte-for-byte."
17,patches_treble_td,platform_frameworks_native,platform_frameworks_native/0010-Fix-loading-unnamed-GLES.patch,Fix loading unnamed GLES,UNCERTAIN,PORT (fallback),VERIFIED_HIGH,95,Clean am; hunk identical to A14. The wildcard system-driver load in Loader::open() is no longer gated on failToLoadFromDriverSuffixProperty and ro.vendor.api_level below 34.
18,patches_treble_td,platform_frameworks_native,platform_frameworks_native/0011-Increase-SW_MAX-4.patch,Increase SW_MAX *= 4,UNCERTAIN,PORT (fallback),VERIFIED_HIGH,94,"Context-only rebase: the same three edits as A14 (getSwitchState bound SW_MAX*4, switch-detection loop to SW_MAX*4, swBitmask/swState BitArray<SW_CNT*4>) at shifted offsets with the A16 RawDeviceId signature."
19,patches_treble_td,platform_frameworks_native,platform_frameworks_native/0012-Disable-gpuservice-on-old-BPF-less-kernel.patch,Disable gpuservice on old BPF-less kernel,CORE-likely-RELEVANT,PORT,VERIFIED_HIGH,94,"Clean am; hunk identical to A14: GpuMem::initialize() parks in an endless sleep loop when the pinned gpu_mem_total BPF program cannot be retrieved. unistd.h is already included in the A16 file, so sleep() is declared."
20,patches_treble_td,platform_frameworks_native,platform_frameworks_native/0013-SurfaceFlinger-Disable-SF-HWC-backpressure.patch,SurfaceFlinger: Disable SF HWC backpressure,UNCERTAIN,PORT (fallback),VERIFIED_HIGH,94,"Correct A16 site and correct property. A16 moved the backpressure decision from SurfaceFlinger::commit() into FrameTarget::expectedSignaledPresentFence(); the candidate initializes wouldBackpressure from persist.sys.phh.enable_sf_hwc_backpressure (default true) there. Reading the function and all consumers confirms the loop only ever clears the flag and the value reaches mWouldBackpressureHwc, which SurfaceFlinger.cpp line 2904 tests - so property=false disables HWC backpressure exactly as A14 did, and the default is bit-identical to stock."
21,patches_treble_td,platform_frameworks_native,platform_frameworks_native/0014-Fix-touch-on-Meizu-21-Note.patch,Fix touch on Meizu 21 / Note,OEM/absent-hw,REVIEW (PORT if any doubt),VERIFIED_HIGH,93,"Faithful rebase with two correct A16 adaptations: getAbsoluteAxisValue() now returns std::optional, so the divisor is applied to value_or(0) (matching the surrounding upstream lines), and SingleTouchMotionAccumulator::process() now takes const RawEvent&, so rawEvent.value replaces rawEvent->value. Ratio members, the meizu21/Meizu21Note property test and all division sites are identical to A14; diffstat matches (28/6)."
22,patches_treble_td,platform_system_bpf,platform_system_bpf/0001-Support-no-bpf-usecase.patch,Support no-bpf usecase,CORE-likely-RELEVANT,PORT,FIXED_VERIFIED_HIGH,93,"Porter REBASED candidate is semantically correct; the verifier applied one style-level fix and re-exported. Provenance clean (snapshot sha256 adfec974... == PATCH_INDEX.sha256 line 264 == canonical lineage_patches_unified copy; baseline 6c5f4f8 confirmed). A16 genuinely deleted the A14 target file bpfloader/BpfLoader.cpp (bpfloader is now rust_binary loader/bpfloader.rs plus cc_library libbpf_android loader/Loader.cpp reached via rust_bindgen), and both panic! sites plus sleep(20)+exit(121) are present verbatim at the baseline, so DROPPED_OBSOLETE would have been wrong and a semantic re-implementation was required. Every abort path in the repo was enumerated (panic!/unwrap/expect/exit/abort/sleep): the three sites the porter mapped are the only A14 analogs; the remainder are pre-existing and unrelated (ANDROID_FILE__dev_kmsg unwrap, logger unwraps, exit(122) on a failed execve) or exact A14 parity (Loader.cpp:358 abort() on a malformed vendor .o, identical to A14 libbpf_android/Loader.cpp:672 and uncovered there too). Verifier fix: the porter Rust hunk produced a 102-column line violating the repo rustfmt config (system/bpf/rustfmt.toml -> build/soong/scripts/rustfmt.toml, max_width 100); measured with the tree toolchain rustfmt --check the baseline is rc=0, the porter file rc=1 with exactly that one diff, and the fixed file rc=0. The error! call is now wrapped exactly as rustfmt proposes, with no semantic change, and the commit was amended in place preserving author, date, subject and Change-Id I75a427a2a41aa4ab1104ad88a891bef0dc2d9c91."
23,patches_treble_td,platform_system_netd,platform_system_netd/0001-Huawei-Kirin-960-accept-broken-rpfilter-match.patch,Huawei Kirin 960:: accept broken rpfilter match,OEM/absent-hw,REVIEW (PORT if any doubt),VERIFIED_HIGH,96,"Source hash matches PATCH_INDEX.sha256 and the canonical L21 stack; the candidate is byte-identical to the source modulo format-patch index/From/version lines. Re-applied on a fresh detached worktree at baseline 796eaca5 (not the porter's worktree) and reproduced the porter's exact file hash. The patched A16 setForwardRules body is character-identical to the patched A14 body. Retention rather than skip is correct: despite the Kirin-960 title the guard is hardware-agnostic, and #24 patches adjacent lines of the same function."
24,patches_treble_td,platform_system_netd,platform_system_netd/0002-Don-t-fail-on-FTP-conntracking-failing.patch,Don't fail on FTP conntracking failing,UNCERTAIN,PORT (fallback),VERIFIED_HIGH,95,"Hash-verified provenance; candidate byte-identical to the source patch. Applied cleanly as position 2/4 on top of #23 on a fresh baseline worktree, so the adjacent-hunk ordering dependency was actually exercised rather than assumed. Post-apply code matches the patched A14 tree character for character, and every symbol it needs (Join at line 63, StringPrintf, ALOGE) exists in A16 with an unchanged iptablesRestoreFunction signature."
25,patches_treble_td,platform_system_netd,platform_system_netd/0003-Support-no-bpf-usecase.patch,Support no-bpf usecase,CORE-likely-RELEVANT,PORT,VERIFIED_HIGH,96,"Hash-verified provenance; the candidate differs from the source only by the re-anchored hunk header (-321 -> -326), the expected format-patch re-export after a clean apply. Applied cleanly as position 3/4 on a fresh baseline worktree. The A16 comment block and guarded statement are verbatim identical to A14, and the failure mode the patch protects against still exists in A16 (enableBandwidthControl returns the iptables-restore result)."
26,patches_treble_td,platform_system_netd,platform_system_netd/0004-Don-t-abort-in-case-of-cgroup-bpf-setup-fail-since-s.patch,"Don't abort in case of cgroup/bpf setup fail, since some",CORE-likely-RELEVANT,PORT,VERIFIED_HIGH,94,"Hash-verified provenance; the candidate differs from the source only by the re-anchored hunk header (-145 -> -142), caused by A16 dropping three gLog.info breadcrumbs earlier in main(). Applied cleanly as position 4/4 on a fresh baseline worktree and the post-apply text is identical to the patched A14 main(). Confidence is held just below the other rows only because effectiveness depends on companion manifest row 170 (owned by the Connectivity job); the patch itself is faithful and harmless either way."
27,patches_treble_td,platform_bionic,platform_bionic/0001-Disable-vndklite-handling.patch,Disable vndklite handling,CORE-likely-RELEVANT,PORT,VERIFIED_HIGH,97,"Provenance verified (source sha256 de5301610d... matches canonical L21 patch and PATCH_INDEX.sha256; candidate sha256 09eceefe74... identical local and remote). Deletion-only patch; on a fresh detached worktree at the recorded baseline it passes git apply --check with no fuzz and git am cleanly. Cumulative diff vs baseline is exactly the two intended deletions (linker/linker.cpp:101 constant and the ro.vndk.lite early-return at 3575-3578), nothing else. End state matches the already-patched A14 reference tree (commit f0c2364ec), where the same greps also return zero vndk_lite references. Not obsolete: the removed code was present at baseline. Relevant/harmless for the C10 (full VNDK 33, ro.vndk.lite never true): worst case a no-op, best case it prevents the linker falling back to a GSI-absent ld.config.vndk_lite.txt."
28,patches_treble_td,platform_bionic,platform_bionic/0002-Add-new-mechanism-to-fake-vendor-props-on-a-per-proc.patch,Add new mechanism to fake vendor props on a per-process,UNCERTAIN,PORT (fallback),VERIFIED_HIGH,95,"Provenance verified (source sha256 c6ac93c14c... matches canonical L21 patch and PATCH_INDEX.sha256; candidate sha256 1491124877... identical local and remote). Applies with zero fuzz as position 2 of the chain on a fresh baseline worktree. The patched region is textually identical to the already-patched A14 reference (helper-block diff returns BLOCKS_IDENTICAL, 80/80 lines; SystemProperties::Find body identical), so the port is faithful rather than merely applying. Not obsolete: baseline has no redirectToProp/read_self/debug.phh.props and no competing upstream mechanism. Cross-generation check shows AndyYan's A15 (22-light) copy of the same patch has a byte-identical diff body, confirming a verbatim forward-port is correct. Relevance is stronger than the manifest's first-pass UNCERTAIN: the installed A16 device/phh/treble rw-system.sh sets debug.phh.props.* (including unconditionally at line 1187) and defines exactly the ro.keymaster.* targets this patch redirects to, so the mechanism is actively required by the A16 TD layer already present in the target tree."
29,patches_treble_td,platform_packages_modules_DeviceLock,platform_packages_modules_DeviceLock/0001-Don-t-crash-when-we-get-no-DeviceLockManager.patch,Don't crash when we get no DeviceLockManager,UNCERTAIN,PORT (fallback),VERIFIED_HIGH,96,"Independently reproduced the porter's CLEAN_AM on a fresh detached worktree created at the recorded baseline f93460221d41b5b82dc3de2576e8a64c816d83af (the porter's port-1 worktree was not reused). Candidate artifact sha256 a23cb7ed88469109fd4849a1ea1070139ca18403184c2fdef4190518c36d1dea matches the porter result and is byte-identical to the canonical L21 patch (sha256 e0af448cd62423cc304ff657bb0c87e5a9e4d91027206e137fa596e03b075ef6, matching PATCH_INDEX.sha256) except for the 'From <commit-id>' header and the git version trailer, so no silent content edit was introduced. git apply --check OK, git am OK -> 7fb4e5be27be5ae77d9cf5f49d6378b41ac8cd6a, diffstat exactly 1 file / +4 -1, Subject/author/date and Change-Id Iaba659694e706c82a95ec2e99feb26e2bc6314e0 preserved. Patch is not obsolete: the A16 baseline still has the unguarded deviceLockManager.getService(). No fix required; porter artifact retained as canonical."
30,patches_treble_td,platform_frameworks_opt_telephony,platform_frameworks_opt_telephony/0001-SubscriptionController-Do-not-override-default-calli.patch,SubscriptionController: Do not override default calling,OEM/absent-hw,REVIEW (PORT if any doubt),VERIFIED_HIGH,97,"Candidate diff body is byte-identical to the A14 original (only @@ offsets moved: -85->-88, -3153->-3321). Landing site verified semantically, not just textually: the hunk sits inside SubscriptionManagerService.setDefaultVoiceSubId(int) between mDefaultVoiceSubId.set()/broadcastSubId(ACTION_DEFAULT_VOICE_SUBSCRIPTION_CHANGED) and updateDefaultSubId(), the same lifecycle position as A14. The 'com.android.phone'.equals(currentPackageName) discriminator is still valid at A16 (packages/services/Telephony AndroidManifest package=com.android.phone). Null-handle path degrades to pre-patch behaviour."
31,patches_treble_td,platform_frameworks_opt_telephony,platform_frameworks_opt_telephony/0002-Telephony-Don-not-call-onUssdRelease-for-Huawei-RIL.patch,Telephony: Don not call onUssdRelease for Huawei RIL,OEM/absent-hw,REVIEW (PORT if any doubt),VERIFIED_HIGH,96,"Diff body byte-identical to the A14 original (offset -3128->-2625). Verified it lands in the pending-USSD completion branch of GsmCdmaPhone (candidate :2625-2640), that the persist.sys.radio.huawei guard wraps only the isUssdRelease arm, and that GsmMmiCode still provides both onUssdRelease() and onUssdFinished(String,boolean) at A16. Property defaults false, so behaviour is unchanged unless explicitly set; nothing in our device tree sets it."
32,patches_treble_td,platform_frameworks_opt_telephony,platform_frameworks_opt_telephony/0003-Fix-baseband-being-too-long-to-fit-into-a-91-chars-p.patch,Fix baseband being too long to fit into a 91 chars,OEM/absent-hw,REVIEW (PORT if any doubt),VERIFIED_HIGH,96,"Diff body byte-identical to the A14 original (offset -3438->-2898). Verified landing in the EVENT_GET_BASEBAND_VERSION_DONE handler (candidate GsmCdmaPhone :2898-2906) with MAX_VERSION_LEN = SystemProperties.PROP_VALUE_MAX/2 - 2 feeding setBasebandVersionForPhone, preserving A14's tail-truncation direction. Reasoned the bound: PROP_VALUE_MAX is still 92 at A16, substring indices stay in range for all input lengths, no new exception path."
33,patches_treble_td,platform_frameworks_opt_telephony,platform_frameworks_opt_telephony/0004-Reintroduce-public-void-TelephonyMetrics.writeRilSen.patch,Reintroduce 'public void,OEM/absent-hw,REVIEW (PORT if any doubt),VERIFIED_HIGH,96,"DROPPED_OBSOLETE validated in its strongest form: the host class is gone, not merely redundant. TelephonyMetrics.java does not exist anywhere in the A16 tree (find + grep -rl both empty; metrics/ now holds only atom-based collectors); the deleting commit a1e87f8d20 'Removed the legacy clearcut metrics' was identified via git log --diff-filter=D and proven an ancestor of the baseline with git merge-base --is-ancestor; grep for writeRilSendSms across frameworks/opt/telephony and frameworks/base/telephony returns zero hits. The 4-arg shim therefore has no class to live in and no in-tree caller."
34,patches_treble_td,platform_frameworks_opt_telephony,platform_frameworks_opt_telephony/0005-Revert-Remove-deprecated-IRadio-1.4-APIs-and-referen.patch,"Revert ""Remove deprecated IRadio <1.4 APIs and",OEM/absent-hw,REVIEW (PORT if any doubt),VERIFIED_HIGH,93,"Ported by the same mechanism as the original (git revert of AOSP 67a3837ed4, confirmed an ancestor of the baseline) plus 8 manual resolutions, which I validated mechanically. A revert-inverse audit comparing the candidate commit against the reverted commit's own diff found exactly ONE candidate deletion the upstream commit did not add - the CellularDataService setDataProfile call gaining isRoaming, which the restored CommandsInterface signature requires - so the rest is a bit-exact inverse. Compile-safety audits: all 241 abstract CommandsInterface methods are implemented by RIL, ImsPhoneCommandInterface, SimulatedCommands (via BaseCommands) and SimulatedCommandsVerifier (the single reported gap getRadioState is a regex artefact, BaseCommands:178); no removed declaration retains a reference; restored OEM-hook and LCE chains are coherent end-to-end (CommandsInterface:1449/1463, RIL:2985/2990, Phone:2741/2762, Phone:388-390/678/4327, GsmCdmaPhone:2709, BaseCommands:798, ImsPhoneCommandInterface:584); javac -proc:none over all changed files reports zero syntax errors. Deliberate omissions (CDMA/NV/band, IS-683 OTASP, deleteAndCreatePhone, GsmCdmaPhoneTest hunks) are each traceable to later upstream deletions (9a044b9ef6, 7f6cae48ef) and would not compile if restored."
35,patches_treble_td,platform_frameworks_opt_telephony,platform_frameworks_opt_telephony/0006-Revert-Remove-deprecated-HAL-versions-for-IRadio.patch,"Revert ""Remove deprecated HAL versions for IRadio""",OEM/absent-hw,REVIEW (PORT if any doubt),FIXED_VERIFIED_HIGH,92,"Largest rebase in the job (RIL.java ~2.3k diff lines), ported by git revert of AOSP 50fc709cc1 (ancestor of baseline) + 32 manual resolutions. I resolved the porter's central open risk by measurement: version-gated canMakeRequest call sites in RIL.java drop from 86 (>=1.4) at baseline to 1 in the candidate, with 1.5/1.6/2.0/2.1 gates removed entirely, matching A14-final's design of branching on mHalVersion inside the proxies - so the restored HIDL 1.0-1.3 paths are genuinely REACHABLE and the patch achieves its purpose. Per-file HIDL-reference parity with A14-final is exact for RIL (40/40), RadioNetworkProxy (22/22), RadioDataProxy (13/13), RadioResponse (48/48) and CellularNetworkService (12/12); every remaining deficit maps to a deliberately dropped CDMA/NV/band item. I specifically hunted for new silent no-ops and found none: RIL.sendCdmaSms is byte-identical to the A16 baseline empty stub and acknowledgeLastIncomingCdmaSms is identical modulo one line-wrap. RILTest's name set is a strict subset of A14-final missing only the 8 CDMA/NV tests (tests are not in the ROM). Removed declarations RILUtils.convertHalLinkCapacityEstimate and RadioResponse.responseNotSupported have zero remaining references, and NetworkIndication.currentLinkCapacityEstimate is byte-identical to A14-final. javac -proc:none over all 38 changed files: zero syntax errors. VERIFIER FIX APPLIED: the revert-inverse audit isolated an unrelated A16 upstream diagnostic dropped as merge collateral - Rlog.d(TAG, 'RadioSimProxy setAllowedCarriers params = ' + carrierRestrictions) - which I restored inside the isAidl() branch, amended the commit and cleanly rebased the following 8 commits. The other RadioSimProxy delta (HalVersion halversion parameter replaced by the mHalVersion field) I analysed and cleared as behaviour-preserving: setAidl() assigns mHalVersion = RIL.getServiceHalVersion(sim.getInterfaceVersion()) identically at A16 and A14 and RIL stores that same value in its map, so mHalVersion is equivalent to getHalVersion(HAL_SERVICE_SIM); restoring the Message result parameter is required for the <1.4 REQUEST_NOT_SUPPORTED reply and the sole call site (RIL.java:4445) passes it."
36,patches_treble_td,platform_frameworks_opt_telephony,platform_frameworks_opt_telephony/0007-Fix-signalstrength-for-huawei-kirin-hi6250-hi3670.patch,"Fix signalstrength for huawei kirin (hi6250, hi3670)",OEM/absent-hw,REVIEW (PORT if any doubt),VERIFIED_HIGH,94,"Diff body byte-identical to the A14 original (offsets RIL -7003->-6846, RadioIndication -241->-228). Its dependency on #35 was verified concretely rather than assumed: the helper it adds (RIL.java:6804 fixupSignalStrength10) is consumed at RadioIndication.java:248, the HIDL 1.0 currentSignalStrength entry point that exists only because #35 restored it, and also at NetworkIndication.java:209 on the AIDL path - matching A14. Selection is by ro.hardware string, so on a non-Kirin SoC every branch falls through and the SignalStrength is returned unchanged."
37,patches_treble_td,platform_frameworks_opt_telephony,platform_frameworks_opt_telephony/0008-telephony-forward-port-support-for-forceCognitive.patch,telephony: forward-port support for forceCognitive,OEM/absent-hw,REVIEW (PORT if any doubt),VERIFIED_HIGH,94,"Candidate hunks are byte-identical to the A14 original including offsets. Verified it lands in the HIDL <1.4 arm of RadioDataProxy.setDataProfile (candidate :245-256), which exists only because #35 restored it, and which also consumes the isRoaming parameter restored by #34 - so this patch transitively pins both, and both precede it in the verified order. The property defaults to false, reducing the selection to the upstream dp.isPersistent() test, and the if (!dpis.isEmpty()) guard is preserved."
38,patches_treble_td,platform_frameworks_opt_telephony,platform_frameworks_opt_telephony/0009-Fix-NPE-with-1.0-and-1.1-CardStatus.patch,Fix NPE with 1.0 and 1.1 CardStatus,OEM/absent-hw,REVIEW (PORT if any doubt),VERIFIED_HIGH,94,"Candidate hunks byte-identical to the A14 original including offsets. The porter's noted ambiguity (a confusing failure message from a batched shell loop) was resolved independently: applied in isolation, git apply --check and git am both succeed on all three pristine worktrees with no fuzz and no 3-way fallback. Dependency on #35 verified: it lands in RadioResponse, whose HIDL 1.0/1.1 handlers (getIccCardStatusResponse :105 and _1_2/_1_4/_1_5 at :113/:122/:131) exist only because #35 restored them; IccSlotPortMapping is imported (:64) and the three construction sites are at :1884/:1900/:1919."
39,patches_treble_td,platform_frameworks_opt_telephony,platform_frameworks_opt_telephony/0010-When-logging-UiccSlot-ignore-error-if-we-cant-print-.patch,"When logging UiccSlot, ignore error if we cant print",OEM/absent-hw,REVIEW (PORT if any doubt),VERIFIED_HIGH,95,"Genuine rebase (A16 refactored UiccSlot.toString() from a single return-expression to a StringBuilder with a trailing Flags.supportSlotSwitching2psim1esimConfig() block), and it is semantically exact: the identical 6-line try/catch prologue is inserted and the single getPrintableIccIds() interpolation is replaced by the printableIccIds local, with the same Throwable breadth, tag, message and null fallback. A16-specific checks: the Flags block and the sb.append/toString tail are preserved untouched, java.util.Map is already imported (:61), the declared type matches the callee (private Map<Integer,String> getPrintableIccIds() at :752), the guarded call really can still throw (it ends in Collectors.toMap, which NPEs on a null value, so the fix has a live purpose at A16), and the sibling dump() call at :772 deliberately stays unguarded as in A14 (no scope creep)."
40,patches_treble_td,platform_frameworks_opt_telephony,platform_frameworks_opt_telephony/0011-Revert-Removed-IWLAN-legacy-mode-support.patch,"Revert ""Removed IWLAN legacy mode support""",OEM/absent-hw,REVIEW (PORT if any doubt),VERIFIED_HIGH,92,"The 'not obsolete' premise was re-checked and holds: upstream's 2023 revert 70c62bf119 is an ancestor of the baseline but was automerged -s ours, so AccessNetworksManager.isInLegacyMode does not exist at A16 and ServiceState.setOutOfService is the 1-arg form; DROPPED_OBSOLETE would have been wrong. The mis-merge correction is verified by reading both target methods: updateNtnCapability() is byte-identical to the A16 baseline (pollution removed) and processIwlanRegistrationInfo() is identical to the A14-final reference implementation, while retaining A16's extra setAvailableServices(List.of(SERVICE_TYPE_DATA)) on the synthesised WLAN NRI (java.util.List imported at :129) - a merge, not an overwrite. The porter's getInitialRegistrationState() to getNetworkRegistrationState() correction is right: A14-final uses the same accessor and A16 NetworkRegistrationInfo exposes getNetworkRegistrationState() (:485) plus isEmergencyEnabled() (:609). The AccessNetworksManager constructor merge was reviewed line by line: legacy/AP-assisted transport selection and QNS-bind gating match A14-final exactly while A16's mCarrierConfigManager null guard, NonNull annotation and registerCarrierConfigChangeListener mechanism (binder-thread Runnable::run, 'avoid post twice' semantics) are retained; isInLegacyMode(), getPreferredTransport() and getAvailableTransports() are byte-identical to A14-final. The DataNetwork/DataNetworkController equivalence claim holds because getAvailableTransports() is now legacy-aware, so the A16 loop yields exactly the 2023 explicit set in both modes. Revert-inverse audit: of 19 non-inverse deletions all but three self-cancel as moved/re-wrapped text; the three real changes are the intended legacy substitutions. javac -proc:none: zero syntax errors."
41,patches_treble_td,platform_frameworks_opt_telephony,platform_frameworks_opt_telephony/0012-Initialize-Samsung-AIDL-ISehRadioNetwork.-Fixes-5G-o.patch,Initialize Samsung AIDL ISehRadioNetwork. Fixes 5G on,OEM/absent-hw,REVIEW (PORT if any doubt),VERIFIED_HIGH,94,"The porter's main flagged risk dissolves under measurement: I diffed every +/- line of the candidate against the A14 original INCLUDING the Android.bp hunk and the diff is EMPTY - the anchor lines are unchanged between A14 and A16, so the applied content is identical and only offsets moved. The real risk (the new build dependency) was proven satisfied at A16: Android.bp gains vendor.samsung.hardware.radio.network-V1-java and the provider exists in the target tree as an aidl_interface named vendor.samsung.hardware.radio.network with stability vintf, the java backend enabled, frozen: true and versions_with_info version '1', so the generated module name is exactly right, and the string is byte-identical to A14's Android.bp:94. Reviewed the whole-chain Android.bp diff in isolation: only three additive lines (this one, #42's and #35's), no removals or reordering."
42,patches_treble_td,platform_frameworks_opt_telephony,platform_frameworks_opt_telephony/0013-Initialize-Samsung-HIDL-ISehRadio.-Fixes-5G-on-S20-U.patch,Initialize Samsung HIDL ISehRadio. Fixes 5G on S20,OEM/absent-hw,REVIEW (PORT if any doubt),VERIFIED_HIGH,94,"As with #41, the candidate's +/- body across Android.bp, RIL.java, RadioNetworkProxy.java and RadioServiceProxy.java is a byte-identical diff to the A14 original (hunk-body diff empty); only offsets moved, so the porter's 'Android.bp rebased' note is conservative. Build dependency proven at A16: Android.bp gains vendor.samsung.hardware.radio-V2.2-java and the HIDL provider exists at vendor/interfaces/vendor/samsung/hardware/radio/2.2/Android.bp (name vendor.samsung.hardware.radio@2.2, with 2.0/2.1/1.2 alongside), the module string matching A14's Android.bp:85. Ordering dependency respected: it refactors #41's code and also touches RadioServiceProxy.java, which #35 modifies earlier; the ordered sequence #35 then #41 then #42 produced no conflict or fuzz. SehPacketUsage, the only unresolved symbol my call-name audit surfaced for these files, is defined at vendor/interfaces/vendor/samsung/hardware/radio/2.0/types.hal:68."
43,patches_treble_td,platform_frameworks_opt_telephony,platform_frameworks_opt_telephony/0014-When-reading-SMSC-ignore-invalid-SMSC.patch,"When reading SMSC, ignore invalid SMSC",OEM/absent-hw,REVIEW (PORT if any doubt),VERIFIED_HIGH,94,"Candidate hunks byte-identical to the A14 original including offsets. Both landing sites verified present and consistent at A16: the AIDL path MessagingResponse.getSmscAddressResponse (:172-176, ending in RadioResponse.responseString(HAL_SERVICE_MESSAGING, ...)) and the HIDL path RadioResponse.getSmscAddressResponse (:1269-1273, ending in responseString(responseInfo, smsc)); the guard is applied identically in both, so there is no half-applied duplication or transport divergence. Only already-invalid values are rewritten, so conforming vendors are unaffected."
44,patches_treble_td,platform_system_nfc,platform_system_nfc/0001-Let-vendor-have-priority-over-NFC-config-file-rather.patch,"Let vendor have priority over NFC config file, rather than",UNCERTAIN,PORT (fallback),VERIFIED_HIGH,96,"PORT ATTEMPT-1 REUSED, NOT REDONE (verification attempt 1 was cut off by the message rate limit before result.json). Provenance: original patch sha256 e539f046cc97f100635e913d8193b1cd2d09297bbd00f83c8c1af6260eb522f3 identical in /root/port-los23-td/source-patches, in canonical /root/custom_android/lineage21/lineage_patches_unified, and in PATCH_INDEX.sha256; candidate artifact sha256 c9be573f6540361854e207a7b98ceda895ac6bc3fb0024a325eaebf2cc0c22ca identical local vs remote port-1 copy. RETARGETING VALIDATED INDEPENDENTLY: ls /root/custom_android/lineage23/system/nfc -> ENOENT and no system/nfc project exists in .repo/manifests/default.xml or .repo/local_manifests/*.xml, while default.xml:779 registers packages/modules/Nfc (LineageOS/android_packages_modules_Nfc) at the recorded baseline 393ad5d1 with a clean tree, so the retarget is forced rather than guessed. The anchor survives verbatim at packages/modules/Nfc/libnfc-nci/src/adaptation/nfc_config.cc:37 searchConfigPath(), and a tree-wide grep for searchConfigPath over packages, hardware, vendor, system, frameworks, device returns exactly that one file, so no duplicate config-search site was missed. NOT OBSOLETE: A16 upstream is still GSI-first (/product/etc/, /odm/etc/, /vendor/etc/, /system_ext/etc/, /etc/, /apex/com.android.nfcservices/etc/). VENDOR-PRIORITY SEMANTICS CORRECT: the candidate yields /odm/etc/, /vendor/etc/, /product/etc/, /system_ext/etc/, /etc/, /apex/com.android.nfcservices/etc/ so odm and vendor outrank the GSI /product copy, and the A16-only apex entry stays untouched and last, which is right because that apex copy IS the module's own default (apex/Android.bp ships libnfc-nci.conf-default via prebuilts: for mainline builds and via required: into /system/etc otherwise) and therefore must lose to vendor. The change ships: nfc_config.cc is in libnfc-nci (libnfc-nci/src/Android.bp:17, srcs glob adaptation/*.cc) -> libnfc_nci_jni (NfcNci/nci/jni/Android.bp:66) -> com.android.nfcservices apex, and build-from-source is in force (RELEASE_DEFAULT_MODULE_BUILD_FROM_SOURCE declared true; RELEASE_APEX_CONTRIBUTIONS_NFC only valued under build/release/gms_mainline{,_go}/optional/, outside the LineageOS chain; prebuilts/module_sdk/Nfc holds SDK snapshots only, no apex payload). No fix required; artifact accepted byte-for-byte."
45,patches_treble_td,platform_bootable_recovery,platform_bootable_recovery/0001-Don-t-reboot-if-we-couldn-t-get-bootctrl.patch,Don't reboot if we couldn't get bootctrl,CORE-likely-RELEVANT,PORT,VERIFIED_HIGH,96,"Provenance fully chains: original patch sha256 89a4c416... is identical in the immutable snapshot, PATCH_INDEX.sha256 and the canonical read-only L21 stack; candidate artifact sha256 9d5fe965... matches locally, remotely and in the port result; target project HEAD equals the recorded baseline d4ef5569dda1c5066f90efd25455b589ced6073e. The candidate is a faithful re-export of the pristine A14 patch (only the rebased blob index line and the git 2.25.1->2.43.0 trailer differ; author/date/subject/Change-Id preserved). Independent fresh detached worktree at the baseline applied it with zero fuzz and clean git am, producing exactly one hunk. The fix is not upstream in A16 (pre-patch line 327 is still 'return reboot_device();'), so the port is required and does not duplicate existing logic. Downstream review found no defect: reboot_device() keeps 3 call sites (no unused-function/-Werror risk), the sole caller update_verifier_main.cpp already returns 0 for the non-A/B case, Android.bp and unit tests are unaffected, no .rc or in-tree consumer inspects the exit status, and SELinux update_verifier.te is allow-only so no policy change is implied. CORE-relevant for this device: retrofit Virtual A/B keeps ro.boot.slot_suffix non-empty so update_verifier runs, and an unresolvable android.hardware.boot on the VNDK-33 vendor would reboot-loop the unpatched GSI; when bootctrl resolves the branch is never taken, so the change is zero-impact in the good case. No fix required."
46,patches_treble_td,platform_packages_apps_Settings,platform_packages_apps_Settings/0001-Act-as-usb-device-when-there-is-no-hal-but-we-believ.patch,"Act as usb device when there is no hal, but we believe we",UNCERTAIN,PORT (fallback),VERIFIED_HIGH,97,"Provenance clean (snapshot sha256 2e66dea5... matches PATCH_INDEX.sha256 and the canonical L21 stack copy; artifact e66b59a6... identical local/remote). Candidate differs from the A14 original only in the From-sha and the git-version trailer, so the A16 target site never moved. Applies and git-ams cleanly at position 1 on a fresh detached worktree at the recorded baseline. A16 framework constants and imports validated; javac parse clean."
47,patches_treble_td,platform_packages_apps_Settings,platform_packages_apps_Settings/0002-Ignore-cancelled-fingerprint-events-they-are-expecte.patch,"Ignore cancelled fingerprint events, they are expected,",OEM/absent-hw,REVIEW (PORT if any doubt),VERIFIED_HIGH,96,"Provenance clean (2a148c0e... matches index and canonical copy; artifact 6b36ec7f...). Candidate body identical to the A14 original except hunk line numbers and blob ids, so both onEnrollmentError sites survived A14->A16 unchanged. Cleanly applied at position 2. The literal errMsgId==5 still equals BIOMETRIC_ERROR_CANCELED in A16, so the guard retains its meaning. Inert on this device but correctly retained for chain integrity and GSI genericity."
48,patches_treble_td,platform_packages_apps_Settings,platform_packages_apps_Settings/0003-Revert-Wi-Fi-Remove-Do-not-validate-option-in-CA-cer.patch,"Revert ""[Wi-Fi] Remove 'Do not validate' option in CA",UNCERTAIN,PORT (fallback),VERIFIED_HIGH,96,"Independently re-verified and strengthened the porter's REBASED claim. Extracting every +/- content line from the original A14 patch and from the candidate yields 86 lines each with an EMPTY diff: the rebase changed zero content lines and is a pure context/offset relocation (62+/20- exactly as the original). Hunk topology matches the L21 commit 1:1 (26 hunks: 1 layout, 1 strings, 12+12 Java) in count, order, per-hunk counts and enclosing symbol, and git show -U6 vs L21 differs only in sha/blob/line numbers plus one unrelated upstream context drift (the SSID-too-long check now uses WifiUtils.isSSIDTooLong(mSsidInput/mSsidInputGroup.getText())). Applies and git-ams cleanly at position 3 of a fresh baseline worktree, and the whole-chain post-state content diff against the known-working L21 applied tree is empty."
49,patches_treble_td,platform_packages_apps_Settings,platform_packages_apps_Settings/0004-Revert-Wi-Fi-Check-if-domain-field-is-not-empty-when.patch,"Revert ""[Wi-Fi] Check if domain field is not empty when",UNCERTAIN,PORT (fallback),VERIFIED_HIGH,97,"Provenance clean (a6db3134... matches index and canonical copy; artifact d3a0a103...). Candidate differs from the A14 original only in sha/blob/hunk-line-number/trailer fields, and git show -U8 against L21 commit 77d6e4016a0 is identical except those header fields, so there is no upstream drift at these sites. Correctly ordered: fails on a bare baseline, applies and git-ams cleanly at position 4 on top of the rebased 48 in the fresh worktree."
50,patches_treble_td,platform_system_vold,platform_system_vold/0001-Allow-deletion-of-symlink.patch,Allow deletion of symlink,UNCERTAIN,PORT (fallback),VERIFIED_HIGH,97,"Independently re-applied on a fresh detached worktree at cd2c5dea3e93c07be61576f658d002ecc4570de2 (porter worktree not reused): git apply --check and git am clean, zero fuzz. Original sha256 feabb842... verified against PATCH_INDEX.sha256; candidate sha256 1cc35240... matches the port result both locally and on .44. All +/- lines byte-identical to the A14 original; only the hunk offset moved 386 -> 437. No fix needed."
51,patches_treble_td,platform_system_vold,platform_system_vold/0002-Failing-to-create-facedata-shouldn-t-be-fatal.patch,Failing to create facedata shouldn't be fatal,UNCERTAIN,PORT (fallback),VERIFIED_HIGH,97,Re-applied cleanly as 2/5 on the fresh worktree. Original sha256 d21eec28... verified against the index; candidate afa1c7b3... matches. Post-apply source reading confirms both hunks land in the correct DE and CE branches of prepare_subdirs(). No fix needed.
52,patches_treble_td,platform_system_vold,platform_system_vold/0003-Don-t-unmount-rw-system.sh-binds.patch,Don't unmount rw-system.sh binds,UNCERTAIN,PORT (fallback),VERIFIED_HIGH,97,"Re-applied cleanly as 3/5. Original sha256 afc34e02... verified; candidate e1db582f... matches. Relevance verified at mechanism level rather than by filename: A16 device/phh/treble/rw-system.sh:380 still mounts a tmpfs at /mnt/phh and lines 130-178 bind /mnt/phh/* over /system, /vendor and /sbin paths, so vold's /mnt/ stale-mount sweep would still destroy the TD overlay backing store without this exclusion. The A16 TD reference tree is identical. No fix needed."
53,patches_treble_td,platform_system_vold,platform_system_vold/0004-Exfat-can-be-mounted-with-exfat-kernel-fs-driver-or-.patch,"Exfat can be mounted with ""exfat"" kernel fs driver, or",CORE-likely-RELEVANT,PORT,VERIFIED_HIGH,96,"The flagged item, verified in depth. Re-applied cleanly as 4/5 with zero fuzz. Original sha256 25a20693... verified; candidate b3b480bc... matches. Reading the whole A16 fs/Exfat.cpp shows the A16 refactor split the old Mount() into DoMount() (which holds both real mount() syscalls, lines 61-85), DoMountWrapper(), and a Mount() that is now only ForkTimeout(DoMountWrapper, ..., kUntrustedMountSleepTime). The candidate correctly targets DoMount, because A16 Mount() contains no filesystem-type string at all. Correction to the porter's note: there is NO context shift - both original and candidate hunk headers are '@@ -64,13 +64,20 @@' and the only header delta is the trailing function label Mount -> DoMount. No fix needed."
54,patches_treble_td,platform_system_vold,platform_system_vold/0005-Every-voldmanaged-storage-is-adoptable.patch,Every voldmanaged storage is adoptable,CORE-likely-RELEVANT,PORT,VERIFIED_HIGH,96,"Re-applied cleanly as 5/5. Original sha256 d0f4408f... verified; candidate d20fc79c... matches. The enclosing 'if (entry.fs_mgr_flags.vold_managed)' block is line-for-line identical between the A14 post-patch tree and A16, and Disk::Flags::kAdoptable is unchanged (model/Disk.h:46). No fix needed."
55,patches_treble_td,platform_system_core,platform_system_core/0001-Let-system-override-ro.apex.updatable.patch,Let system override ro.apex.updatable,CORE-likely-RELEVANT,PORT,VERIFIED_HIGH,97,CLEAN_AM on a fresh baseline worktree; diff body byte-identical to the A14 original (normalised add/remove line comparison). Lands in init/property_service.cpp LoadProperties() at line 790 (A14 site ~803).
56,patches_treble_td,platform_system_core,platform_system_core/0002-Don-t-abandon-creating-property-tree-if-there-is-a-c.patch,Don't abandon creating property tree if there is a,UNCERTAIN,PORT (fallback),VERIFIED_HIGH,96,"CLEAN_AM, body identical to A14. property_info_serializer.cpp BuildTrie() now logs to std::cerr and continues instead of returning false."
57,patches_treble_td,platform_system_core,platform_system_core/0003-init-Do-not-start-console-service-when-debuggable.patch,init: Do not start console service when debuggable,UNCERTAIN,PORT (fallback),VERIFIED_HIGH,96,REBASED (context only). Removed line set is identical to the A14 original; only the hunk header and trailing context changed (A14 rootdir/init.rc:1306 followed by 'on userspace-reboot-requested'; A16 line 1364 followed by the Multi-Gen LRU section).
58,patches_treble_td,platform_system_core,platform_system_core/0004-Panic-into-recovery-rather-than-bootloader.patch,Panic into recovery rather than bootloader,CORE-likely-RELEVANT,PORT,VERIFIED_HIGH,97,REBASED. The only body difference vs A14 is that both the - and + lines carry A16's new [[clang::no_destroy]] attribute; the change itself is the single string literal bootloader -> recovery in init/reboot_utils.cpp:40.
59,patches_treble_td,platform_system_core,platform_system_core/0005-Detect-allowed-sdcard-options-based-on-vndk.patch,Detect allowed sdcard options based on vndk,CORE-likely-RELEVANT,PORT,VERIFIED_HIGH,96,"CLEAN_AM, body identical to A14, in sdcard/sdcard.cpp sdcardfs_setup()."
60,patches_treble_td,platform_system_core,platform_system_core/0006-Ugly-but-secure-Set-dev-uinput-as-0666-to-fix-finger.patch,Ugly but secure: Set /dev/uinput as 0666 to fix,UNCERTAIN,PORT (fallback),VERIFIED_HIGH,95,"CLEAN_AM, body identical to A14. rootdir/ueventd.rc /dev/uinput 0660 -> 0666, confirmed at line 66 of the final tree."
61,patches_treble_td,platform_system_core,platform_system_core/0007-Revert-Set-system-xbin-permissions-to-750.patch,"Revert ""Set /system/xbin permissions to 750.""",UNCERTAIN,PORT (fallback),VERIFIED_HIGH,96,REBASED (context only). Same 00750 -> 00751 flip on the libcutils/fs_config.cpp android_dirs 'system/xbin' row; the add/remove pair is identical to A14 and only neighbouring rows differ (A16 dropped system/apex/*/bin and the tethering for-system row).
62,patches_treble_td,platform_system_core,platform_system_core/0008-Add-my-own-OTA-mechanism-going-over-data.patch,Add my own OTA mechanism going over /data,UNCERTAIN,PORT (fallback),VERIFIED_HIGH,93,"REBASED, largest change in the job, independently re-reviewed (porter was 80). The 60-line setupPhhOta() body is byte-identical to A14; only the include prologue (A16 already had fcntl.h and sys/mount.h, so only strings.h, sys/sysmacros.h, libfiemap/image_manager.h, liblp/partition_opener.h and switch_root.h were added) and the hunk offsets differ. The image_manager.cpp hunk applied verbatim. Call site is the first statement of LoadSelinuxPolicyAndroid(), as in A14."
63,patches_treble_td,platform_system_core,platform_system_core/0009-fs_mgr-Keep-allowing-encryptable-fstab-flag.patch,fs_mgr: Keep allowing encryptable fstab flag,CORE-likely-RELEVANT,PORT,VERIFIED_HIGH,96,"CLEAN_AM, body identical to A14. The FDE-rejection block at the end of ParseFsMgrFlags() is removed; the function now ends with return true."
64,patches_treble_td,platform_system_core,platform_system_core/0010-FDE-is-dead.-Fallback-FDE-to-no-encryption-and-FDE-F.patch,"FDE is dead. Fallback FDE to no encryption, and FDE+FBE",CORE-likely-RELEVANT,PORT,VERIFIED_HIGH,96,"CLEAN_AM on top of 63, body identical to A14. fstab.cpp:233 accepts forceencrypt= like encryptable=; line 243 maps forcefdeorfbe= to ParseFileEncryption(aes-256-xts:aes-256-cts)."
65,patches_treble_td,platform_system_core,platform_system_core/0011-Let-system-override-adb-secure-props-so-we-dont-get-.patch,"Let system override adb/secure props, so we dont get",UNCERTAIN,PORT (fallback),VERIFIED_HIGH,96,"CLEAN_AM, body identical to A14; extends the 55 block at init/property_service.cpp:800."
66,patches_treble_td,platform_system_core,platform_system_core/0012-Allow-apex-on-5.0-kernels.-This-is-needed-because-on.patch,Allow apex on > 5.0 kernels. This is needed because on,CORE-likely-RELEVANT,PORT,VERIFIED_HIGH,96,"CLEAN_AM, body identical to A14: adds the sys/utsname.h include (A16 line 64) and the kernel_supports_capex() helper."
67,patches_treble_td,platform_system_core,platform_system_core/0013-watchdogd-Support-pinging-two-watchdogs.patch,watchdogd: Support pinging two watchdogs,UNCERTAIN,PORT (fallback),VERIFIED_HIGH,95,"CLEAN_AM, body identical to A14. watchdogd/watchdogd.cpp opens /dev/watchdog1, validates it via fstat, takes the smaller interval and pings both fds."
68,patches_treble_td,platform_system_core,platform_system_core/0014-healthd-offline-charger-fix-screen-off-3-3.patch,healthd : offline charger fix screen off 3/3,UNCERTAIN,PORT (fallback),VERIFIED_HIGH,94,"CLEAN_AM, body identical to A14 across healthd_draw.cpp/.h, healthd_mode_charger.cpp and include_charger/charger/healthd_mode_charger.h."
69,patches_treble_td,platform_system_core,platform_system_core/0015-Disable-quotas-on-legacy-devices-with-encryption-dis.patch,Disable quotas on legacy devices with encryption,CORE-likely-RELEVANT,PORT,VERIFIED_HIGH,96,"CLEAN_AM, body identical to A14, at fs_mgr/fs_mgr.cpp:443 inside tune_quota(), above the tune2fs_available() guard."
70,patches_treble_td,platform_system_core,platform_system_core/0016-Add-vendor-firmware_mnt.-Moto-Razr-2019-look-for-fir.patch,Add /vendor/firmware_mnt. Moto Razr 2019 look for,OEM/absent-hw,REVIEW (PORT if any doubt),VERIFIED_HIGH,94,"CLEAN_AM, body identical to A14: appends /vendor/firmware_mnt/image/ to firmware_directories in rootdir/ueventd.rc:4."
71,patches_treble_td,platform_system_core,platform_system_core/0017-Ignore-dm-verity-setup-issues.patch,Ignore dm-verity setup issues,CORE-likely-RELEVANT,PORT,VERIFIED_HIGH,96,"CLEAN_AM, body identical to A14, at init/first_stage_mount.cpp:471 in FirstStageMountVBootV2::MountPartition(): the PLOG(ERROR) stays and the return false is removed."
72,patches_treble_td,platform_system_core,platform_system_core/0018-Fix-support-for-devices-without-cgroupv2-support.patch,Fix support for devices without cgroupv2 support,CORE-likely-RELEVANT,PORT,VERIFIED_HIGH,96,"CLEAN_AM, body identical to A14, at init/service.cpp:742 in Service::Start()."
73,patches_treble_td,platform_system_core,platform_system_core/0019-Disable-project_quota-on-old-devices-but-new-enough-.patch,Disable project_quota on old devices but new enough to,UNCERTAIN,PORT (fallback),VERIFIED_HIGH,96,"CLEAN_AM, body identical to A14, at fs_mgr/fs_mgr.cpp:448-455 directly after 69's hunk."
74,patches_treble_td,platform_system_core,platform_system_core/0020-fix-Nubia-6-series-custom-rc-action-prop-validation.patch,fix: Nubia 6 series custom rc action prop validation,OEM/absent-hw,REVIEW (PORT if any doubt),VERIFIED_HIGH,94,"CLEAN_AM, body identical to A14: adds nubia.perf. as the final kPartnerPrefixes element at init/action_parser.cpp:50 (no trailing comma - valid)."
75,patches_treble_td,platform_system_core,platform_system_core/0021-HACK-Ignore-errors-when-setting-fscrypt-directory.-S.patch,HACK: Ignore errors when setting fscrypt directory.,CORE-likely-RELEVANT,PORT,VERIFIED_HIGH,95,"CLEAN_AM, body identical to A14 including the explanatory comment block, at init/builtins.cpp:432-439."
76,patches_treble_td,platform_system_core,platform_system_core/0022-Keep-our-own-version-of-ro.logd.kernel.-We-do-want-l.patch,Keep our own version of ro.logd.kernel. We do want,CORE-likely-RELEVANT,PORT,VERIFIED_HIGH,96,"CLEAN_AM, body identical to A14; the condition at init/property_service.cpp:800 becomes strstr(adb) or strstr(secure) or strstr(ro.logd.kernel), byte-identical to L21."
77,patches_treble_td,platform_system_core,platform_system_core/0023-Keep-capex-when-there-are-vendor-apexes.patch,Keep capex when there are vendor apexes,UNCERTAIN,PORT (fallback),VERIFIED_HIGH,95,"CLEAN_AM, body identical to A14; extends kernel_supports_capex() with the /vendor/apex scan."
78,patches_treble_td,platform_system_core,platform_system_core/0024-When-setting-ro.apex.updatable-actually-set-the-valu.patch,"When setting ro.apex.updatable, actually set the value",CORE-likely-RELEVANT,PORT,VERIFIED_HIGH,96,"CLEAN_AM, body identical to A14."
79,patches_treble_td,platform_system_core,platform_system_core/0025-If-AVB-fails-ignore-disable-AVB.patch,"If AVB fails, ignore/disable AVB",CORE-likely-RELEVANT,PORT,VERIFIED_HIGH,95,"CLEAN_AM, both hunk bodies identical to A14 (init/first_stage_init.cpp retry-without-avb, init/first_stage_mount.cpp no_vbmeta fstab stripping)."
80,patches_treble_td,platform_system_core,platform_system_core/0026-Flattened-apexes-no-longer-exist-we-ll-deal-with-it-.patch,"Flattened apexes no longer exist, we'll deal with it",UNCERTAIN,PORT (fallback),VERIFIED_HIGH,96,"CLEAN_AM, body identical to A14; removes kernel_supports_capex() and makes ro.apex.updatable unconditionally true."
81,patches_treble_td,platform_frameworks_opt_net_ims,platform_frameworks_opt_net_ims/0001-Pie-MTK-IMS-calls-static-ImsManager.updateImsService.patch,Pie MTK IMS calls static,OEM/absent-hw,REVIEW (PORT if any doubt),VERIFIED_HIGH,96,"Provenance clean (snapshot 2b019a1f == canonical L21 == PATCH_INDEX entry; candidate e949e917 identical local and remote; baseline 336af62c confirmed live with clean tree; sole manifest row for this normalized repo). Independent fresh detached worktree at baseline: git apply --check PASS, git am PASS, diff exactly 1 file / 8 insertions. Re-export body byte-identical to the candidate, so no fix was needed. The eight added lines are verbatim the A14 original at the same anchor, and a cross-tree diff of the applied region in lineage21 vs the patched A16 worktree is identical. Additive-only static shim, inert on this modem-less device, no upstream duplicate, no downstream call-site or build-system impact."
82,patches_treble_td,platform_packages_services_Telephony,platform_packages_services_Telephony/0001-Revert-Remove-deprecated-IRadio-1.4-APIs-and-referen.patch,"Revert ""Remove deprecated IRadio <1.4 APIs and references""",OEM/absent-hw,REVIEW (PORT if any doubt),VERIFIED_HIGH,96,"Provenance confirmed: source patch sha256 ff5633b3a7541936e91b3564fd7bb8d9f45eb07faec77782072c0b1a75eef8bc matches both /root/port-los23-td/PATCH_INDEX.sha256 and the canonical L21 file. Baseline 95e95093d0e9cca76b86906d414a7da6b95d45fe confirmed as packages/services/Telephony HEAD on lineage-23.2 (android-16.0.0_r4 merged). On two independent fresh detached worktrees created at that exact baseline, the upstream source patch and the porter artifact each passed 'git apply --check -v' and 'git am' with zero fuzz/conflict (hunk offsets only: +14/-57/+107). The porter artifact (70ee368638402c89f97a53946327771b0514caa90fa891270f8a810ed1d7c56c) is byte-identical to my independent re-export except the format-patch commit-hash header and the git-version trailer; its diff body is identical line-for-line to the A14 upstream patch body. No fix was required."
83,patches_treble_td,platform_frameworks_av,platform_frameworks_av/0001-APM-Restore-S-R-and-Q-behavior-respectively-for-tele.patch,"APM: Restore S, R and Q behavior respectively for",UNCERTAIN,PORT (fallback),VERIFIED_HIGH,94,"Fresh-worktree cumulative apply clean at 1/24. Mechanical per-file +/- body comparison vs the original (sha f12f16b6..., snapshot == canonical L21 copy) gives 147 added / 63 removed on both sides with exactly six drifted lines, all pure A16 API renames: connectTelephonyRxAudioSource(delayMs), DeviceIdVector selectedDeviceIds, std::set outputs (x2), sourceDesc->isCallTx() (x2). createTelephonyPatch is declared in the A16 baseline header (AudioPolicyManager.h:974) but undefined, so the patch supplies the single matching definition."
84,patches_treble_td,platform_frameworks_av,platform_frameworks_av/0002-Fix-BT-in-call-on-CAF-devices.patch,Fix BT in-call on CAF devices,OEM/absent-hw,REVIEW (PORT if any doubt),VERIFIED_HIGH,95,"Clean cumulative am at 2/24; +/- body byte-identical to the original (93 added / 1 removed both sides). Helper at Serializer.cpp:725, call at :884 in deserialize<ModuleTraits>; AudioRoute/PolicyAudioPort/HwModule APIs unchanged from A14."
85,patches_treble_td,platform_frameworks_av,platform_frameworks_av/0003-Add-partial-cam-id-is-hardcoded-support-for-Asus-ZF6.patch,"Add (partial, cam id is hardcoded) support for Asus ZF6",OEM/absent-hw,REVIEW (PORT if any doubt),VERIFIED_HIGH,94,"REBASE accepted: +/- body byte-identical to the original (29/1 both sides), so the rebase was context-only for the A16 ctor gaining the AttributionAndPermissionUtilsEncapsulator base initializer and an extra parameter. -Wreorder verified safe (initializer order equals declaration order: CameraService.h 301 < 956 < 1080 < 1256; module builds with -Wall -Wextra -Werror per Android.bp:244-247/306-309)."
86,patches_treble_td,platform_frameworks_av,platform_frameworks_av/0004-APM-Optionally-force-load-audio-policy-for-system-si.patch,APM: Optionally force-load audio policy for system-side,UNCERTAIN,PORT (fallback),VERIFIED_HIGH,94,Clean am at 4/24; +/- body byte-identical (25/1). Block verified at Serializer.cpp:1076-1095 inside PolicySerializer::deserialize with version and config in scope; cutils/properties.h added once and used by later Serializer patches.
87,patches_treble_td,platform_frameworks_av,platform_frameworks_av/0005-APM-Remove-A2DP-audio-ports-from-the-primary-HAL.patch,APM: Remove A2DP audio ports from the primary HAL,UNCERTAIN,PORT (fallback),VERIFIED_HIGH,94,"Clean am at 5/24; +/- body byte-identical (22/5) including the deliberate removal of the mIgnoreVendorExtensions/NO_INIT else-if chain, which belongs to the upstream patch. shouldEraseA2DP at Serializer.cpp:858-872 before setDeclaredDevices; DeviceVector::erase API unchanged in A16."
88,patches_treble_td,platform_frameworks_av,platform_frameworks_av/0006-audiopolicy-try-again-with-trimmed-audio-port-name-i.patch,audiopolicy: try again with trimmed audio port name if,UNCERTAIN,PORT (fallback),VERIFIED_HIGH,94,"Clean am at 6/24; +/- body byte-identical (14/1). trim() at file scope and the retry findPortByTagName(trim(devTag)) verified at Serializer.cpp:687-690, ordered before the 0015/0020/0022 source handling."
89,patches_treble_td,platform_frameworks_av,platform_frameworks_av/0007-camera-Implement-property-to-override-default-camera.patch,camera: Implement property to override default camera,UNCERTAIN,PORT (fallback),VERIFIED_HIGH,95,Clean am at 7/24; +/- body byte-identical (22/1). Hunks land in getCameraDeviceIds (CameraProviderManager.cpp:292) and getAPI1CompatibleCameraDeviceIds (:372) with the original bounds checks; android-base/properties.h added once; git grep at the baseline shows no pre-existing alt_primary_camera logic.
90,patches_treble_td,platform_frameworks_av,platform_frameworks_av/0008-There-are-three-SCO-devices.-Fallback-from-one-to-th.patch,There are three SCO devices. Fallback from one to the,UNCERTAIN,PORT (fallback),VERIFIED_HIGH,93,Clean am at 8/24; +/- body byte-identical (21/1). Fallback block verified in HwModule.cpp:388-410 immediately before the final return nullptr of getModuleForDeviceType.
91,patches_treble_td,platform_frameworks_av,platform_frameworks_av/0009-Add-persist.sys.phh.samsung.camera_ids-property-to-a.patch,Add persist.sys.phh.samsung.camera_ids property to,OEM/absent-hw,REVIEW (PORT if any doubt),VERIFIED_HIGH,93,"Clean am at 9/24; +/- body byte-identical (13/3). Include HidlProviderInfo.cpp:32, castFrom :181, property-gated selection :236-238, Android.bp static_libs :121. Dependency vendor.samsung.hardware.camera.provider@3.0 exists in the installed A16 TD layer (vendor/interfaces/.../provider/3.0/Android.bp)."
92,patches_treble_td,platform_frameworks_av,platform_frameworks_av/0010-Add-a-property-to-force-camera-timestamp-source.patch,Add a property to force camera timestamp source,UNCERTAIN,PORT (fallback),VERIFIED_HIGH,95,Clean am at 10/24; +/- body byte-identical (10/3). Landing site Camera3Device.cpp:243 in initializeCommonLocked; the timestampSourceValue refactor preserves the original truth table; property_get_int32 resolves via the existing include.
93,patches_treble_td,platform_frameworks_av,platform_frameworks_av/0011-FIH-devices-Fix-Earpiece-audio-output.patch,"FIH devices: Fix ""Earpiece"" audio output",OEM/absent-hw,REVIEW (PORT if any doubt),VERIFIED_HIGH,92,"Clean am at 11/24; +/- body byte-identical (24/4). Verified in deserialize<AudioProfileTraits> (Serializer.cpp:434-438) with the same void* PtrSerializingCtx isOutput sentinel convention as A14, plus the end-of-module addDevice fixup; AudioPolicyConfig::addDevice and DeviceVector::getDeviceFromTagName unchanged in A16."
94,patches_treble_td,platform_frameworks_av,platform_frameworks_av/0012-No-longer-make-re-assigning-legacy-audio-groups-fata.patch,No longer make re-assigning legacy audio groups fatal.,UNCERTAIN,PORT (fallback),VERIFIED_HIGH,96,"Clean am at 12/24; +/- body byte-identical (3/4). Landing site EngineBase.cpp:288 inside processParsingResult (checkStreamForGroups lambda at :234); addSupportedStream still runs afterwards, so only fatality changes."
95,patches_treble_td,platform_frameworks_av,platform_frameworks_av/0013-Make-camera-IDs-filter-out-optional.patch,Make camera IDs filter-out optional,UNCERTAIN,PORT (fallback),VERIFIED_HIGH,95,Clean am at 13/24; +/- body byte-identical (9/6). Guards verified at CameraProviderManager.cpp:340 (filterLogicalCameraIdsLocked) and :1162 (getSystemCameraKind); no equivalent logic in the baseline.
96,patches_treble_td,platform_frameworks_av,platform_frameworks_av/0014-Support-Samsung-R-multi-cams.patch,Support Samsung R multi-cams,OEM/absent-hw,REVIEW (PORT if any doubt),VERIFIED_HIGH,93,"Clean am at 14/24; +/- body byte-identical (8/2). Include :33, castFrom :182, branch preference :236-238, Android.bp :122. Dependency vendor.samsung.hardware.camera.provider@4.0 present in the A16 TD layer."
97,patches_treble_td,platform_frameworks_av,platform_frameworks_av/0015-Not-all-sources-in-a-route-are-valid.-Dont-ignore-th.patch,Not all sources in a route are valid. Dont ignore the,UNCERTAIN,PORT (fallback),VERIFIED_HIGH,94,"Clean am at 15/24; +/- body byte-identical (1/2). The if (false && !mIgnoreVendorExtensions) idiom is upstream, not a porting artifact; verified at Serializer.cpp:701-710 inside deserialize<RouteTraits> after the 0006 trim retry."
98,patches_treble_td,platform_frameworks_av,platform_frameworks_av/0016-Use-a-fake-volume-policy-when-none-has-been-found.patch,Use a fake volume policy when none has been found,UNCERTAIN,PORT (fallback),VERIFIED_HIGH,94,Clean am at 16/24; +/- body byte-identical (6/2). Landing site EngineConfig.cpp:863-864 inside parseLegacyVolumes; return-status plumbing preserved.
99,patches_treble_td,platform_frameworks_av,platform_frameworks_av/0017-Revert-Remove-support-for-audio-HAL-V2-from-the-fram.patch,"Revert ""Remove support for audio HAL V2 from the",CORE-likely-RELEVANT,PORT,FIXED_VERIFIED_HIGH,92,"Verification found a build-breaking defect in the porter candidate and fixed it. A16 DeviceHalHidl::openOutputStream gained an unguarded SourceMetadata conversion; under -DMAJOR_VERSION=2 it cannot compile because CoreUtils::sourceMetadataFromHalV7 is declared only inside #if MAJOR_VERSION >= 4 (hardware/interfaces/audio/core/all-versions/default/util/include/util/CoreUtils.h, guard at line 49, declaration at 66) and SourceMetadata does not exist in audio/2.0 or audio/common/2.0. Since libaudiohal@2.0 is in the required: list of libaudiohal, that would break the ROM build. Fix: wrap the conversion in #if MAJOR_VERSION >= 4 with an #else (void) sourceMetadata; tail (the hidlMetadata call-site argument is already inside a pre-existing >= 4 guard). Re-exported patch sha 3d5c866c...; the rest of the +/- body (42 added / 2 removed) is byte-identical to the original except the sAudioHALVersions array-size line."
100,patches_treble_td,platform_frameworks_av,platform_frameworks_av/0018-Add-a-prop-to-change-Samsung-flash-strength.patch,Add a prop to change Samsung flash strength,OEM/absent-hw,REVIEW (PORT if any doubt),VERIFIED_HIGH,92,"REBASE accepted: +/- body byte-identical to the original (21/2 both sides); the rebase was only needed because the A14 Android.bp blob is absent from A16 history. Android.bp anchor identical to L21: the two shared_libs lines sit directly after android.hardware.camera.device@3.7 (patched libcameraservice/Android.bp:91-92 vs L21:86-87), in the camera DEVICE HIDL shared_libs block, not the provider static_libs block used by 0009/0014/0023."
101,patches_treble_td,platform_frameworks_av,platform_frameworks_av/0019-voip-Fix-high-pitched-voice-on-Qualcomm-devices.patch,voip: Fix high pitched voice on Qualcomm devices,OEM/absent-hw,REVIEW (PORT if any doubt),VERIFIED_HIGH,93,"Clean am at 19/24; +/- body byte-identical (9/1). mMixPortName member at Serializer.cpp:255, assigned at :469 at the top of deserialize<MixPortTraits> before its profiles are parsed, consumed at :441-445 - ordering correct, stale reads impossible."
102,patches_treble_td,platform_frameworks_av,platform_frameworks_av/0020-audiopolicy-Fix-broken-mic-while-video-recording-on-.patch,audiopolicy: Fix broken mic while video recording on,UNCERTAIN,PORT (fallback),VERIFIED_HIGH,94,"Clean am at 20/24; +/- body byte-identical (7/1). Property read at Serializer.cpp:670, the Built-In Back Mic branch that nulls the source at :692-694 - after the 0006 trim retry and before the 0015 skip path, so the source is skipped and the rest of the route survives."
103,patches_treble_td,platform_frameworks_av,platform_frameworks_av/0021-Add-a-prop-to-disable-AUDIO_OUTPUT_FLAG_FAST-from-au.patch,Add a prop to disable AUDIO_OUTPUT_FLAG_FAST from audio,CORE-likely-RELEVANT,PORT,VERIFIED_HIGH,94,"Clean am at 21/24; +/- body byte-identical (4/1). Verified at Serializer.cpp:507-509 inside deserialize<MixPortTraits>, AUDIO_PORT_ROLE_SOURCE branch, right after OutputFlagConverter::maskFromString and before the upstream FAST|DEEP_BUFFER -> SPATIALIZER translation at :511 - the same relative order as the original patch (clean apply implies identical context)."
104,patches_treble_td,platform_frameworks_av,platform_frameworks_av/0022-Add-a-prop-to-fix-echo-on-incoming-or-outgoing-calls.patch,Add a prop to fix echo on incoming or outgoing calls,CORE-likely-RELEVANT,PORT,VERIFIED_HIGH,94,"Clean am at 22/24; +/- body byte-identical (9/1). Property at Serializer.cpp:673; the else-if of the 0020 branch at :695-698 consults sinkAttr (in scope, parsed earlier in the same function); nulled sources fall into the 0015 skip path."
105,patches_treble_td,platform_frameworks_av,platform_frameworks_av/0023-Include-Samsung-AIDL-camera-ids.patch,Include Samsung AIDL camera ids,OEM/absent-hw,REVIEW (PORT if any doubt),VERIFIED_HIGH,93,"Clean am at 23/24; +/- body byte-identical (22/1). Include at AidlProviderInfo.cpp:36 and the block right after the provider getCameraIdList call and before the retDevices loop, so retDevices is in scope. Dependency verified: vendor/interfaces/aidl/vendor/samsung/hardware/camera/provider/Android.bp declares the aidl_interface (vendor_available, vintf, versions_with_info v1, frozen) byte-identical to L21, NDK backend enabled by default, so vendor.samsung.hardware.camera.provider-V1-ndk (Android.bp:123) is generated; frozen aidl_api v1 declares String[] getCameraIdListAll()."
106,patches_treble_td,platform_frameworks_av,platform_frameworks_av/0024-Allow-using-camera-modes-declared-in-Samsung-proprie.patch,Allow using camera modes declared in Samsung,OEM/absent-hw,REVIEW (PORT if any doubt),VERIFIED_HIGH,92,"REBASE accepted after full-function review. Mechanical +/- comparison vs the original: 53 added / 28 removed (original 53/27); the only deltas are (a) the added isHeicUltraHDRDataSpace ? heicUltraHDRSizesTag : arm folded into the new selectedTag ternary chain, which is required because A16 introduced ANDROID_HEIC_AVAILABLE_HEIC_ULTRA_HDR_STREAM_CONFIGURATIONS (with the corresponding upstream line removed - hence 28 vs 27), and (b) one blank line. Priority order matches A16 upstream (JPEG_R, HEIF_ULTRAHDR, DEPTH, HEIF, scaler)."
107,patches_treble_td,platform_build,platform_build/0001-Include-vndk-v28-sepolicy-support.patch,Include vndk v28 sepolicy support,CORE-likely-RELEVANT,PORT,VERIFIED_HIGH,93,"DROPPED_OBSOLETE upheld, with the porter rationale corrected. A16 build/make core/config.mk:885-896 lists 29.0..34.0 plus 202404/202504, and system/sepolicy ships no 28.0 data (private/compat and prebuilts/api both start at 29.0; no 28.0 in Android.bp). The variable reaches Soong via android_soong_config_vars.mk:36 and soong_config.mk:224 -> variable.go:406 -> compat_cil.go:175,181, which generates per-version module references, so a bare 28.0 entry is build-breaking. CORRECTION: the stack does contain the missing half (patches_treble_td/platform_system_sepolicy/0001-Revert-Remove-28.0-compat-support.patch, 34429 lines, restores prebuilts/api/28.0 and compat/Android.bp), so the pair is not impossible at A16 - it is simply unreachable for this device: the vendor is VNDK 33 (ro.board.first_api_level=33, product ro.product.vndk.version=34) and 33.0/34.0 compat exist upstream. A 28.0 mapping can never be selected here, so the capability is IRRELEVANT and dropping the build/make half is correct."
108,patches_treble_td,platform_build,platform_build/0002-core-sysprop-Write-build-display-id-to-product-prop.patch,core: sysprop: Write build display id to product prop,CORE-likely-RELEVANT,PORT,VERIFIED_HIGH,93,"The re-target to build/soong scripts/gen_build_prop.py generate_build_info() is correct and necessary: A16 build/make contains no BUILD_DISPLAY_ID at all and core/sysprop.mk now only emits the vendor build.prop, so a build/make patch would be dead code. generate_build_info() is the A16 home of build info and runs for exactly the system and product partitions (build_system_prop:536, build_product_prop:582). Delivery under patches_treble_td/build_soong/ works unmodified with AndyYan apply_patches.sh (tr _ / maps build_soong to build/soong; only build is special-cased to build/make). Artifact accepted unchanged."
109,patches_treble_td,platform_system_extras,platform_system_extras/0001-libfscrypt-Bail-out-if-we-can-t-open-directory.patch,libfscrypt: Bail out if we can't open directory,CORE-likely-RELEVANT,PORT,VERIFIED_HIGH,97,"Provenance fully validated: source patch sha256 856382da4e541aea28ec2899868a5ea42e3f54ad8a1a434e4584ee85c8231419 matches PATCH_INDEX.sha256 and is byte-identical to the canonical lineage_patches_unified copy; recorded baseline 52c6bff4 equals live system/extras HEAD; candidate artifact sha256 b1b872e1f361... matches porter result.json and the porter's remote copy; the candidate's pre-image blob index 4c756b18 equals git hash-object libfscrypt/fscrypt.cpp at the baseline, so the apply is exact-context with zero possible fuzz. Independent re-apply on a brand-new detached worktree passed apply --check and git am cleanly. The change is not upstream at A16 (pre-patch file still returns false), so it is neither obsolete nor duplicated, and no competing variant exists (lineage-22-light carries no patches_treble_td set). Relevant to the C10 (A13-level VNDK 33 vendor running vendor_init rc files - the exact GSI-on-old-vendor FBE tolerance case in PORT_TASK.md section 2) and inert if the denial never fires. Confidence held just under 100 only because the semantic effect (masking a real open() failure as success) is unverifiable without a boot, but it is exactly the original upstream intent already shipping in the working L21 build."
110,patches_treble_td,platform_system_linkerconfig,platform_system_linkerconfig/0001-Disable-vndklite-handling.patch,Disable vndklite handling,CORE-likely-RELEVANT,PORT,VERIFIED_HIGH,96,"Provenance clean (original sha256 d53d6d3568...711eee identical in source-patches snapshot, canonical L21 lineage_patches_unified and PATCH_INDEX.sha256; candidate sha256 4655b43304...b256a2 identical local job dir and remote port-1 copy). Recorded baseline 1274364 confirmed as full 12743643593c9f13784ed30424db2ea09a7bc65f (clean HEAD of /root/custom_android/lineage23/system/linkerconfig). Port attempt-1 was reused (not re-ported) and re-verified on a brand-new detached worktree: original A14 patch fails apply-check for context only (upstream commit 9ea89db 'All devices are treble now.' deleted the IsTreblelizedDevice() pre-context line), the candidate applies with no fuzz and git am succeeds, and the cumulative diff vs baseline is exactly the intended 1-insertion/1-deletion in modules/environment.cc. Sole consumer is main.cc:419, whose A16 guard hard-exits linkerconfig on vndklite, so the patch is boot-critical and definitively not obsolete. Composition with bionic #27 is complementary rather than duplicated. No fix required."
111,patches_treble_td,platform_frameworks_base,platform_frameworks_base/0001-Fallback-to-stupid-autobrightness-if-brightness-valu.patch,Fallback to stupid autobrightness if brightness values,CORE-likely-RELEVANT,PORT,VERIFIED_HIGH,95,"Clean apply confirmed independently. The candidate's normalised diff body (index/@@ metadata stripped) is byte-identical to the A14 original in /root/port-los23-td/source-patches, whose sha256 matches PATCH_INDEX.sha256 and the canonical read-only L21 stack, so no rebase surface exists; the only deltas are git format-patch metadata and hunk offsets. Target services/core/.../display/DisplayDeviceConfig.java exists in the A16 baseline and `git apply --check` + `git am` succeed at the recorded position in the ordered chain."
112,patches_treble_td,platform_frameworks_base,platform_frameworks_base/0002-Fix-env-empty-string-ANDROID_STORAGE.patch,Fix env empty string - ANDROID_STORAGE,CORE-likely-RELEVANT,PORT,VERIFIED_HIGH,93,"Context-only rebase verified line by line. A normalised diff-of-diff against the A14 original shows the added/removed payload is identical; only upstream context drift differs. A16 refactored Environment.getDirectory into getDirectoryPath(String,String) returning a prepped path, so the empty-string guard is reproduced as prep((path == null || path.isEmpty()) ? defaultPath : path). Target: core/java/android/os/Environment.java."
113,patches_treble_td,platform_frameworks_base,platform_frameworks_base/0003-Relax-requirement-for-visible-flag-to-sdcards.patch,Relax requirement for visible flag to sdcards,CORE-likely-RELEVANT,PORT,VERIFIED_HIGH,93,Context-only rebase verified line by line. A normalised diff-of-diff against the A14 original shows the added/removed payload is identical; only upstream context drift differs. A16 replaced direct VolumeInfo field access with getDisk()/getMountFlags()/setMountFlags(); the added '|| vol.getDisk().isSd()' condition is identical in effect (the stray tab in the A14 comment was normalised to spaces). Target: services/core/.../StorageManagerService.java.
114,patches_treble_td,platform_frameworks_base,platform_frameworks_base/0004-Don-t-crash-if-there-is-IR-HAL-is-not-declared.patch,Don't crash if there is IR HAL is not declared,UNCERTAIN,PORT (fallback),VERIFIED_HIGH,95,"Clean apply confirmed independently. The candidate's normalised diff body (index/@@ metadata stripped) is byte-identical to the A14 original in /root/port-los23-td/source-patches, whose sha256 matches PATCH_INDEX.sha256 and the canonical read-only L21 stack, so no rebase surface exists; the only deltas are git format-patch metadata and hunk offsets. Target services/core/.../ConsumerIrService.java + jni exists in the A16 baseline and `git apply --check` + `git am` succeed at the recorded position in the ordered chain."
115,patches_treble_td,platform_frameworks_base,platform_frameworks_base/0005-Implement-a-persistent-property-to-override-the-defa.patch,Implement a persistent property to override the default,UNCERTAIN,PORT (fallback),VERIFIED_HIGH,93,"Context-only rebase verified line by line. A normalised diff-of-diff against the A14 original shows the added/removed payload is identical; only upstream context drift differs. Hunk offsets plus one blank-line placement inside CameraManager; the persist.sys.phh.camera.primary override logic is unchanged. Target: core/java/android/hardware/Camera.java, camera2/CameraManager.java."
116,patches_treble_td,platform_frameworks_base,platform_frameworks_base/0006-Show-APN-Settings-for-CDMA-carriers.patch,Show APN Settings for CDMA carriers,OEM/absent-hw,REVIEW (PORT if any doubt),VERIFIED_HIGH,95,"Clean apply confirmed independently. The candidate's normalised diff body (index/@@ metadata stripped) is byte-identical to the A14 original in /root/port-los23-td/source-patches, whose sha256 matches PATCH_INDEX.sha256 and the canonical read-only L21 stack, so no rebase surface exists; the only deltas are git format-patch metadata and hunk offsets. Target telephony/.../CarrierConfigManager.java exists in the A16 baseline and `git apply --check` + `git am` succeed at the recorded position in the ordered chain."
117,patches_treble_td,platform_frameworks_base,platform_frameworks_base/0007-Re-order-services-so-that-it-works-even-without-qtag.patch,Re-order services so that it works even without qtaguid,UNCERTAIN,PORT (fallback),VERIFIED_HIGH,93,Context-only rebase verified line by line. A normalised diff-of-diff against the A14 original shows the added/removed payload is identical; only upstream context drift differs. Pure context drift in NetworkPolicyManagerService.systemReady (A16 added Flags.* reads above the hunk); the service re-ordering is unchanged. Target: services/core/.../net/NetworkPolicyManagerService.java.
118,patches_treble_td,platform_frameworks_base,platform_frameworks_base/0008-Support-samsung-Pie-and-Q-light-hal.patch,Support samsung Pie and Q light hal,OEM/absent-hw,REVIEW (PORT if any doubt),VERIFIED_HIGH,93,Context-only rebase verified line by line. A normalised diff-of-diff against the A14 original shows the added/removed payload is identical; only upstream context drift differs. services/core/jni/Android.bp neighbour lines changed upstream; the samsung light HAL shared-lib additions are identical. Target: services/core/jni/Android.bp.
119,patches_treble_td,platform_frameworks_base,platform_frameworks_base/0009-Add-support-for-samsung-touch-physical-and-hover-pro.patch,"Add support for samsung touch, physical and hover",OEM/absent-hw,REVIEW (PORT if any doubt),VERIFIED_HIGH,95,"Clean apply confirmed independently. The candidate's normalised diff body (index/@@ metadata stripped) is byte-identical to the A14 original in /root/port-los23-td/source-patches, whose sha256 matches PATCH_INDEX.sha256 and the canonical read-only L21 stack, so no rebase surface exists; the only deltas are git format-patch metadata and hunk offsets. Target services/core/.../display/DisplayPowerProximityStateController.java exists in the A16 baseline and `git apply --check` + `git am` succeed at the recorded position in the ordered chain."
120,patches_treble_td,platform_frameworks_base,platform_frameworks_base/0010-Always-allow-overriding-the-number-of-work-profiles.patch,Always allow overriding the number of work profiles,UNCERTAIN,PORT (fallback),VERIFIED_HIGH,93,Context-only rebase verified line by line. A normalised diff-of-diff against the A14 original shows the added/removed payload is identical; only upstream context drift differs. Context drift in UserManagerService.getMaxUsersOfTypePerParent (A16 added the UNLIMITED_NUMBER_OF_USERS shorthand); the fw.max_users override path is unchanged. Target: services/core/.../pm/UserManagerService.java.
121,patches_treble_td,platform_frameworks_base,platform_frameworks_base/0011-HOME-deserves-to-wake-up-devices-just-as-well-as-bac.patch,HOME deserves to wake-up devices just as well as back,UNCERTAIN,PORT (fallback),VERIFIED_HIGH,95,"Clean apply confirmed independently. The candidate's normalised diff body (index/@@ metadata stripped) is byte-identical to the A14 original in /root/port-los23-td/source-patches, whose sha256 matches PATCH_INDEX.sha256 and the canonical read-only L21 stack, so no rebase surface exists; the only deltas are git format-patch metadata and hunk offsets. Target core/java/android/view/KeyEvent.java exists in the A16 baseline and `git apply --check` + `git am` succeed at the recorded position in the ordered chain."
122,patches_treble_td,platform_frameworks_base,platform_frameworks_base/0012-Some-devices-have-proximity-sensor-reporting-NaN-as-.patch,Some devices have proximity sensor reporting NaN as max,CORE-likely-RELEVANT,PORT,VERIFIED_HIGH,95,"Clean apply confirmed independently. The candidate's normalised diff body (index/@@ metadata stripped) is byte-identical to the A14 original in /root/port-los23-td/source-patches, whose sha256 matches PATCH_INDEX.sha256 and the canonical read-only L21 stack, so no rebase surface exists; the only deltas are git format-patch metadata and hunk offsets. Target services/core/.../display/DisplayPowerProximityStateController.java exists in the A16 baseline and `git apply --check` + `git am` succeed at the recorded position in the ordered chain."
123,patches_treble_td,platform_frameworks_base,platform_frameworks_base/0013-Fix-brightness-range-not-being-complete-on-Samsung-d.patch,Fix brightness range not being complete on Samsung,OEM/absent-hw,REVIEW (PORT if any doubt),VERIFIED_HIGH,95,"Clean apply confirmed independently. The candidate's normalised diff body (index/@@ metadata stripped) is byte-identical to the A14 original in /root/port-los23-td/source-patches, whose sha256 matches PATCH_INDEX.sha256 and the canonical read-only L21 stack, so no rebase surface exists; the only deltas are git format-patch metadata and hunk offsets. Target services/core/.../power/PowerManagerService.java exists in the A16 baseline and `git apply --check` + `git am` succeed at the recorded position in the ordered chain."
124,patches_treble_td,platform_frameworks_base,platform_frameworks_base/0014-Re-implement-fnmatch-like-behaviour-for-RRO-java-sid.patch,Re-implement fnmatch-like behaviour for RRO java-side,UNCERTAIN,PORT (fallback),VERIFIED_HIGH,95,"Clean apply confirmed independently. The candidate's normalised diff body (index/@@ metadata stripped) is byte-identical to the A14 original in /root/port-los23-td/source-patches, whose sha256 matches PATCH_INDEX.sha256 and the canonical read-only L21 stack, so no rebase surface exists; the only deltas are git format-patch metadata and hunk offsets. Target core/java/.../FrameworkParsingPackageUtils.java exists in the A16 baseline and `git apply --check` + `git am` succeed at the recorded position in the ordered chain."
125,patches_treble_td,platform_frameworks_base,platform_frameworks_base/0015-Remove-useless-notification-about-console-service-be.patch,"Remove useless notification about ""console"" service",UNCERTAIN,PORT (fallback),VERIFIED_HIGH,95,"Clean apply confirmed independently. The candidate's normalised diff body (index/@@ metadata stripped) is byte-identical to the A14 original in /root/port-los23-td/source-patches, whose sha256 matches PATCH_INDEX.sha256 and the canonical read-only L21 stack, so no rebase surface exists; the only deltas are git format-patch metadata and hunk offsets. Target services/core/.../am/ActivityManagerService.java exists in the A16 baseline and `git apply --check` + `git am` succeed at the recorded position in the ordered chain."
126,patches_treble_td,platform_frameworks_base,platform_frameworks_base/0016-Revert-Remove-unused-SystemProperties.set.patch,"Revert ""Remove unused SystemProperties.set""",UNCERTAIN,PORT (fallback),VERIFIED_HIGH,95,"Clean apply confirmed independently. The candidate's normalised diff body (index/@@ metadata stripped) is byte-identical to the A14 original in /root/port-los23-td/source-patches, whose sha256 matches PATCH_INDEX.sha256 and the canonical read-only L21 stack, so no rebase surface exists; the only deltas are git format-patch metadata and hunk offsets. Target telephony/.../TelephonyManager.java exists in the A16 baseline and `git apply --check` + `git am` succeed at the recorded position in the ordered chain."
127,patches_treble_td,platform_frameworks_base,platform_frameworks_base/0017-TelephonyManager-bring-back-getNetworkClass.patch,TelephonyManager: bring back getNetworkClass(),OEM/absent-hw,REVIEW (PORT if any doubt),VERIFIED_HIGH,95,"Clean apply confirmed independently. The candidate's normalised diff body (index/@@ metadata stripped) is byte-identical to the A14 original in /root/port-los23-td/source-patches, whose sha256 matches PATCH_INDEX.sha256 and the canonical read-only L21 stack, so no rebase surface exists; the only deltas are git format-patch metadata and hunk offsets. Target telephony/.../TelephonyManager.java exists in the A16 baseline and `git apply --check` + `git am` succeed at the recorded position in the ordered chain."
128,patches_treble_td,platform_frameworks_base,platform_frameworks_base/0018-TelephonyManager-add-API-annotations-for-setTelephon.patch,TelephonyManager: add API annotations for,OEM/absent-hw,REVIEW (PORT if any doubt),VERIFIED_HIGH,95,"Clean apply confirmed independently. The candidate's normalised diff body (index/@@ metadata stripped) is byte-identical to the A14 original in /root/port-los23-td/source-patches, whose sha256 matches PATCH_INDEX.sha256 and the canonical read-only L21 stack, so no rebase surface exists; the only deltas are git format-patch metadata and hunk offsets. Target telephony/.../TelephonyManager.java exists in the A16 baseline and `git apply --check` + `git am` succeed at the recorded position in the ordered chain."
129,patches_treble_td,platform_frameworks_base,platform_frameworks_base/0019-Fix-Wakelock-issue.patch,Fix Wakelock issue,UNCERTAIN,PORT (fallback),VERIFIED_HIGH,93,"Context-only rebase verified line by line. A normalised diff-of-diff against the A14 original shows the added/removed payload is identical; only upstream context drift differs. A16 moved the WakeLock release path from WakeLock.java into ClientTrackingWakeLock.kt; the guard is reproduced as 'if (pmWakeLock.isHeld) { pmWakeLock.release() }', i.e. A14's 'if (inner.isHeld())' semantics. Target: packages/SystemUI/.../util/wakelock/ClientTrackingWakeLock.kt."
130,patches_treble_td,platform_frameworks_base,platform_frameworks_base/0020-Automatically-detect-pick-up-sensor-so-that-an-overl.patch,"Automatically detect pick up sensor, so that an overlay",CORE-likely-RELEVANT,PORT,VERIFIED_HIGH,95,"Clean apply confirmed independently. The candidate's normalised diff body (index/@@ metadata stripped) is byte-identical to the A14 original in /root/port-los23-td/source-patches, whose sha256 matches PATCH_INDEX.sha256 and the canonical read-only L21 stack, so no rebase surface exists; the only deltas are git format-patch metadata and hunk offsets. Target core/java/.../AmbientDisplayConfiguration.java exists in the A16 baseline and `git apply --check` + `git am` succeed at the recorded position in the ordered chain."
131,patches_treble_td,platform_frameworks_base,platform_frameworks_base/0021-Catch-broken-mainBuiltInDisplayCutoutRectApproximati.patch,Catch broken mainBuiltInDisplayCutoutRectApproximation,CORE-likely-RELEVANT,PORT,VERIFIED_HIGH,95,"Clean apply confirmed independently. The candidate's normalised diff body (index/@@ metadata stripped) is byte-identical to the A14 original in /root/port-los23-td/source-patches, whose sha256 matches PATCH_INDEX.sha256 and the canonical read-only L21 stack, so no rebase surface exists; the only deltas are git format-patch metadata and hunk offsets. Target core/java/android/view/DisplayCutout.java exists in the A16 baseline and `git apply --check` + `git am` succeed at the recorded position in the ordered chain."
132,patches_treble_td,platform_frameworks_base,platform_frameworks_base/0022-backlight-Fix-backlight-control-on-Galaxy-S9.patch,backlight: Fix backlight control on Galaxy S9(+),OEM/absent-hw,REVIEW (PORT if any doubt),VERIFIED_HIGH,95,"Clean apply confirmed independently. The candidate's normalised diff body (index/@@ metadata stripped) is byte-identical to the A14 original in /root/port-los23-td/source-patches, whose sha256 matches PATCH_INDEX.sha256 and the canonical read-only L21 stack, so no rebase surface exists; the only deltas are git format-patch metadata and hunk offsets. Target services/core/.../lights/LightsService.java exists in the A16 baseline and `git apply --check` + `git am` succeed at the recorded position in the ordered chain."
133,patches_treble_td,platform_frameworks_base,platform_frameworks_base/0023-Revert-Switch-long-press-power-behavior-in-AOSP.patch,"Revert ""Switch long-press power behavior in AOSP.""",UNCERTAIN,PORT (fallback),VERIFIED_HIGH,93,Context-only rebase verified line by line. A normalised diff-of-diff against the A14 original shows the added/removed payload is identical; only upstream context drift differs. The core/res config.xml doc-comment enumeration drifted upstream; the reverted config_longPressOnPowerBehavior default is identical. Target: core/res/res/values/config.xml.
134,patches_treble_td,platform_frameworks_base,platform_frameworks_base/0024-Allow-disabling-of-fingerprint-cleanups-needed-on-so.patch,"Allow disabling of fingerprint cleanups, needed on some",OEM/absent-hw,REVIEW (PORT if any doubt),FIXED_VERIFIED_HIGH,92,"Same correction as #4: the phh escape hatch was re-created at the migrated A16 site instead of being dropped. The exported patch adds the persist.sys.phh.fingerprint.nocleanup read plus early return at the head of FingerprintProvider.scheduleInternalCleanup(int,int,ClientMonitorCallback,boolean); the 2-arg overload delegates to it, so both entry points are covered (A14's Fingerprint21 had a single method). Formatting normalised from tabs to spaces; semantics identical."
135,patches_treble_td,platform_frameworks_base,platform_frameworks_base/0025-Dynamically-resize-boot-animation-to-match-screen-si.patch,Dynamically resize boot animation to match screen size,UNCERTAIN,PORT (fallback),VERIFIED_HIGH,92,"Faithful relocation. A16 moved the single-display body of BootAnimation::readyToRun() into initDisplaysAndSurfaces() with a 'for (size_t displayIdx = 0; displayIdx < mDisplays.size(); displayIdx++)' loop (l.548-549); the resize block was inserted inside that loop guarded by 'displayIdx == 0' with mWidth replaced by display.width, reproducing A14's primary-display-only behaviour. readyToRun() still only calls initDisplaysAndSurfaces() (l.510-513), so ordering relative to mAnimation loading is unchanged, and the mAnimation != nullptr guard is preserved."
136,patches_treble_td,platform_frameworks_base,platform_frameworks_base/0026-Revert-Remove-more-FDE-methods-from-StorageManager.patch,"Revert ""Remove more FDE methods from StorageManager""",CORE-likely-RELEVANT,PORT,VERIFIED_HIGH,93,Context-only rebase verified line by line. A normalised diff-of-diff against the A14 original shows the added/removed payload is identical; only upstream context drift differs. Only javadoc formatting of the restored FDE methods differs ({@hide} block style); every restored method and field is identical. Target: core/java/android/os/storage/StorageManager.java + RoSystemProperties.java.
137,patches_treble_td,platform_frameworks_base,platform_frameworks_base/0027-Set-old-fingerprint-sensors-to-security-strong.patch,"Set old fingerprint sensors to security ""strong""",OEM/absent-hw,REVIEW (PORT if any doubt),VERIFIED_HIGH,95,"Clean apply confirmed independently. The candidate's normalised diff body (index/@@ metadata stripped) is byte-identical to the A14 original in /root/port-los23-td/source-patches, whose sha256 matches PATCH_INDEX.sha256 and the canonical read-only L21 stack, so no rebase surface exists; the only deltas are git format-patch metadata and hunk offsets. Target services/core/.../biometrics/AuthService.java exists in the A16 baseline and `git apply --check` + `git am` succeed at the recorded position in the ordered chain."
138,patches_treble_td,platform_frameworks_base,platform_frameworks_base/0028-Call-Samsung-s-ISehSysInputDev-to-report-screen-stat.patch,Call Samsung's ISehSysInputDev to report screen state,OEM/absent-hw,REVIEW (PORT if any doubt),VERIFIED_HIGH,93,"Context-only rebase verified line by line. A normalised diff-of-diff against the A14 original shows the added/removed payload is identical; only upstream context drift differs. services/core/Android.bp neighbour lines and LocalDisplayAdapter imports drifted; the ISehSysInputDev setTspEnable calls are identical, and V1_1 classes come transitively from vendor.samsung.hardware.sysinput-V1.2-java exactly as at A14 (module confirmed present with gen_java in vendor/interfaces). Target: services/core/Android.bp + display/LocalDisplayAdapter.java."
139,patches_treble_td,platform_frameworks_base,platform_frameworks_base/0029-Try-catch-around-constrainNitsAndBacklightArrays-and.patch,"Try catch around constrainNitsAndBacklightArrays, and",CORE-likely-RELEVANT,PORT,VERIFIED_HIGH,93,Context-only rebase verified line by line. A normalised diff-of-diff against the A14 original shows the added/removed payload is identical; only upstream context drift differs. The try/catch around the screenBrightnessMap parse plus the setSimpleMappingStrategyValues() fallback is identical; only a trailing blank line and the following method name differ. Target: services/core/.../display/DisplayDeviceConfig.java.
140,patches_treble_td,platform_frameworks_base,platform_frameworks_base/0030-Add-Mediatek-power-hints-on-touch.patch,Add Mediatek power hints on touch,OEM/absent-hw,REVIEW (PORT if any doubt),VERIFIED_HIGH,93,"Context-only rebase verified line by line. A normalised diff-of-diff against the A14 original shows the added/removed payload is identical; only upstream context drift differs. Android.bp neighbour lines and one @Nullable context line differ; the IMtkPerf/IMtkPower touch-hint code is identical, and vendor.mediatek.hardware.mtkpower-V1.1-java exists with gen_java. Target: services/core/Android.bp + wm/DisplayPolicy.java."
141,patches_treble_td,platform_frameworks_base,platform_frameworks_base/0031-Detect-Moto-dynamic-hardware-feature.patch,Detect Moto dynamic hardware feature,OEM/absent-hw,REVIEW (PORT if any doubt),VERIFIED_HIGH,93,Context-only rebase verified line by line. A normalised diff-of-diff against the A14 original shows the added/removed payload is identical; only upstream context drift differs. A16 extracted the SystemConfig switch bodies into readUnavailableFeature()/readAllowInPowerSaveExceptIdle() helpers so the surrounding case labels differ; the added moto dynamic-feature detection is identical. Target: services/core/.../SystemConfig.java.
142,patches_treble_td,platform_frameworks_base,platform_frameworks_base/0032-Restore-getSimStateForSlotIndex-in-SubscriptionManag.patch,Restore getSimStateForSlotIndex in SubscriptionManager,UNCERTAIN,PORT (fallback),VERIFIED_HIGH,95,"Clean apply confirmed independently. The candidate's normalised diff body (index/@@ metadata stripped) is byte-identical to the A14 original in /root/port-los23-td/source-patches, whose sha256 matches PATCH_INDEX.sha256 and the canonical read-only L21 stack, so no rebase surface exists; the only deltas are git format-patch metadata and hunk offsets. Target telephony/.../SubscriptionManager.java exists in the A16 baseline and `git apply --check` + `git am` succeed at the recorded position in the ordered chain."
143,patches_treble_td,platform_frameworks_base,platform_frameworks_base/0033-Add-runWithCleanCallingIdentity-variant-with-both-ex.patch,Add runWithCleanCallingIdentity variant with both,UNCERTAIN,PORT (fallback),VERIFIED_HIGH,95,"Clean apply confirmed independently. The candidate's normalised diff body (index/@@ metadata stripped) is byte-identical to the A14 original in /root/port-los23-td/source-patches, whose sha256 matches PATCH_INDEX.sha256 and the canonical read-only L21 stack, so no rebase surface exists; the only deltas are git format-patch metadata and hunk offsets. Target telephony/common/.../TelephonyUtils.java exists in the A16 baseline and `git apply --check` + `git am` succeed at the recorded position in the ordered chain."
144,patches_treble_td,platform_frameworks_base,platform_frameworks_base/0034-Catch-NPE-in-SystemUI.patch,Catch NPE in SystemUI,UNCERTAIN,PORT (fallback),VERIFIED_HIGH,95,"Clean apply confirmed independently. The candidate's normalised diff body (index/@@ metadata stripped) is byte-identical to the A14 original in /root/port-los23-td/source-patches, whose sha256 matches PATCH_INDEX.sha256 and the canonical read-only L21 stack, so no rebase surface exists; the only deltas are git format-patch metadata and hunk offsets. Target packages/SystemUI/.../keyguard/KeyguardViewMediator.java exists in the A16 baseline and `git apply --check` + `git am` succeed at the recorded position in the ordered chain."
145,patches_treble_td,platform_frameworks_base,platform_frameworks_base/0035-Once-we-integrate-Samsung-Power-hal-in-libpowermanag.patch,"Once we integrate Samsung Power hal in libpowermanager,",OEM/absent-hw,REVIEW (PORT if any doubt),VERIFIED_HIGH,95,"Clean apply confirmed independently. The candidate's normalised diff body (index/@@ metadata stripped) is byte-identical to the A14 original in /root/port-los23-td/source-patches, whose sha256 matches PATCH_INDEX.sha256 and the canonical read-only L21 stack, so no rebase surface exists; the only deltas are git format-patch metadata and hunk offsets. Target services/core/jni/Android.bp exists in the A16 baseline and `git apply --check` + `git am` succeed at the recorded position in the ordered chain."
146,patches_treble_td,platform_frameworks_base,platform_frameworks_base/0036-FOD-support-for-Asus-Samsung-recent-Xiaomi-and-RedMa.patch,"FOD support for Asus, Samsung recent Xiaomi and",OEM/absent-hw,REVIEW (PORT if any doubt),VERIFIED_HIGH,92,"Skip verified from the payload, not the filename. The A14 patch touches packages/SystemUI/Android.bp, UdfpsController.java, UdfpsControllerOverlay.kt, UdfpsView.kt, DeviceEntryUdfpsRefactor.kt, services/core/Android.bp, AuthService.java, FingerprintService.java and FingerprintProvider.java; every hunk is FOD/UDFPS machinery plus additive OEM fingerprint HIDL/AIDL java libs. Two primary targets (UdfpsView.kt, DeviceEntryUdfpsRefactor.kt) no longer exist at A16 and AuthService/FingerprintProvider were de-HIDL refactored, so a faithful port would be speculative. The C10 has no fingerprint sensor, and omitting additive Android.bp entries removes no generic behaviour: the rebased #152/#153 Android.bp hunks land correctly without those neighbouring lines."
147,patches_treble_td,platform_frameworks_base,platform_frameworks_base/0037-Fix-brightness-slider-curve-for-some-devices.patch,Fix brightness slider curve for some devices,CORE-likely-RELEVANT,PORT,VERIFIED_HIGH,93,"Context-only rebase verified line by line. A normalised diff-of-diff against the A14 original shows the added/removed payload is identical; only upstream context drift differs. A16 already imports SystemProperties in BrightnessUtils and added sDisableGammaConversion above the insertion point; the LowGammaBrightness field, the GAMMA_SPACE_MAX ternary and both conversion ternaries are identical. Target: packages/SettingsLib/DisplayUtils/.../BrightnessUtils.java."
148,patches_treble_td,platform_frameworks_base,platform_frameworks_base/0038-Ignore-cgroup-creation-errors.patch,Ignore cgroup creation errors,CORE-likely-RELEVANT,PORT,VERIFIED_HIGH,93,Context-only rebase verified line by line. A normalised diff-of-diff against the A14 original shows the added/removed payload is identical; only upstream context drift differs. The Zygote.cpp '#if 0' fence and the ProcessList ESRCH/AssertionError removal are identical; only trailing context (A16 added the UsePerAppMemcg block) and the class declaration line differ. Target: core/jni/com_android_internal_os_Zygote.cpp + am/ProcessList.java.
149,patches_treble_td,platform_frameworks_base,platform_frameworks_base/0039-Samsung-tablets-use-SW_MACHINE_COVER-rather-than-SW_.patch,Samsung tablets use SW_MACHINE_COVER rather than SW_LID,OEM/absent-hw,REVIEW (PORT if any doubt),VERIFIED_HIGH,93,Context-only rebase verified line by line. A normalised diff-of-diff against the A14 original shows the added/removed payload is identical; only upstream context drift differs. Only a neighbouring SW_* bitmask constant line differs; the SW_MACHINE_COVER handling is identical. Target: services/core/.../input/InputManagerService.java.
150,patches_treble_td,platform_frameworks_base,platform_frameworks_base/0040-Revert-Removed-IWLAN-legacy-mode-support.patch,"Revert ""Removed IWLAN legacy mode support""",OEM/absent-hw,REVIEW (PORT if any doubt),VERIFIED_HIGH,95,"Clean apply confirmed independently. The candidate's normalised diff body (index/@@ metadata stripped) is byte-identical to the A14 original in /root/port-los23-td/source-patches, whose sha256 matches PATCH_INDEX.sha256 and the canonical read-only L21 stack, so no rebase surface exists; the only deltas are git format-patch metadata and hunk offsets. Target telephony/.../ServiceState.java exists in the A16 baseline and `git apply --check` + `git am` succeed at the recorded position in the ordered chain."
151,patches_treble_td,platform_frameworks_base,platform_frameworks_base/0041-Add-a-prop-to-use-linear-backlight-control.patch,Add a prop to use linear backlight control,CORE-likely-RELEVANT,PORT,FIXED_VERIFIED_HIGH,95,"The porter artifact contained a real Java compile error, now fixed. A16 BrightnessController added 'logBrightnessChange(mDisplayId, valFloat, false);' inside the anonymous 'new Runnable()' handed to AsyncTask.execute (post-chain l.401). The patch makes valFloat non-final (reassigned by the linear-brightness override), so that capture is rejected by javac ('local variables referenced from an inner class must be final or effectively final'). The fixed artifact routes that call through finalValFloat as well; the call at l.396 is outside the inner class and legally keeps valFloat (same value)."
152,patches_treble_td,platform_frameworks_base,platform_frameworks_base/0042-Add-support-for-Samsung-full-brightness-on-their-AID.patch,Add support for Samsung full brightness on their AIDL,OEM/absent-hw,REVIEW (PORT if any doubt),VERIFIED_HIGH,93,"Context-only rebase verified line by line. A normalised diff-of-diff against the A14 original shows the added/removed payload is identical; only upstream context drift differs. Android.bp neighbour lines differ (the OEM fingerprint libs added by the skipped #146 are absent, as expected); the samsung AIDL light full-brightness code is identical. Target: services/core/Android.bp + lights/LightsService.java."
153,patches_treble_td,platform_frameworks_base,platform_frameworks_base/0043-Add-Samsung-sysinput.patch,Add Samsung sysinput,OEM/absent-hw,REVIEW (PORT if any doubt),VERIFIED_HIGH,93,Context-only rebase verified line by line. A normalised diff-of-diff against the A14 original shows the added/removed payload is identical; only upstream context drift differs. Android.bp neighbour lines differ; the single vendor.samsung.hardware.sysinput-V1-java addition is identical (AIDL module present in vendor/interfaces). Target: services/core/Android.bp.
154,patches_treble_td,platform_frameworks_base,platform_frameworks_base/0044-Bunch-of-FOD-stuff-commonize-refreshing-the-services.patch,Bunch of FOD stuff -- commonize refreshing the,OEM/absent-hw,REVIEW (PORT if any doubt),VERIFIED_HIGH,93,"Single-file patch (services/core/java/com/android/server/biometrics/AuthService.java) that only adds FOD service-refresh plumbing consumed by #146; with #146 skipped it has no consumer, and A16 AuthService was restructured by the de-HIDL work. Omitting it changes no generic behaviour: AuthService keeps its upstream A16 form, and the retained #137 patch modifies the same file successfully."
155,patches_treble_td,platform_frameworks_base,platform_frameworks_base/0045-Some-Samsung-devices-use-SW_FLIP-0x15-rather-than-SW.patch,Some Samsung devices use SW_FLIP 0x15 rather than,OEM/absent-hw,REVIEW (PORT if any doubt),VERIFIED_HIGH,95,"Clean apply confirmed independently. The candidate's normalised diff body (index/@@ metadata stripped) is byte-identical to the A14 original in /root/port-los23-td/source-patches, whose sha256 matches PATCH_INDEX.sha256 and the canonical read-only L21 stack, so no rebase surface exists; the only deltas are git format-patch metadata and hunk offsets. Target services/core/.../input/InputManagerService.java exists in the A16 baseline and `git apply --check` + `git am` succeed at the recorded position in the ordered chain."
156,patches_treble_td,platform_frameworks_base,platform_frameworks_base/0046-Include-vendor.samsung.hardware.radio.network-V1-jav.patch,Include vendor.samsung.hardware.radio.network-V1-java,OEM/absent-hw,REVIEW (PORT if any doubt),VERIFIED_HIGH,93,Context-only rebase verified line by line. A normalised diff-of-diff against the A14 original shows the added/removed payload is identical; only upstream context drift differs. Only the surrounding AOSP radio AIDL versions moved V3 -> V5; the vendor.samsung.hardware.radio.network-V1-java addition is identical (AIDL module present in vendor/interfaces). Target: Android.bp.
157,patches_treble_td,platform_frameworks_base,platform_frameworks_base/0047-Include-vendor.samsung.hardware.radio-V2.2-java-HIDL.patch,Include vendor.samsung.hardware.radio-V2.2-java HIDL in,OEM/absent-hw,REVIEW (PORT if any doubt),VERIFIED_HIGH,93,"Context-only rebase verified line by line. A normalised diff-of-diff against the A14 original shows the added/removed payload is identical; only upstream context drift differs. Only surrounding AOSP radio AIDL versions differ (V3 -> V5, ims V2 -> V4); the vendor.samsung.hardware.radio-V2.2-java addition is identical (HIDL module present with gen_java). Target: Android.bp."
158,patches_treble_td,platform_frameworks_base,platform_frameworks_base/0048-Revert-Remove-deprecated-IRadio-1.4-APIs-and-referen.patch,"Revert ""Remove deprecated IRadio <1.4 APIs and",OEM/absent-hw,REVIEW (PORT if any doubt),VERIFIED_HIGH,93,"Retained and cross-repo consistent; this row must not be dropped. The rebase adds byte-identical bodies for TelephonyManager.invokeOemRilRequestRaw(byte[],byte[]), the ITelephony.aidl method 'int invokeOemRilRequestRaw(in byte[] oemReq, out byte[] oemResp)' at the same anchor, and the three RILConstants LCE_* constants; the only delta from A14 is that the LCE block lands after LCE_NOT_SUPPORTED instead of after SETUP_DATA_AUTH_PAP_CHAP (same interface, same values). Companion signatures were checked directly in the source snapshot: #82 implements 'public int invokeOemRilRequestRaw(byte[] oemReq, byte[] oemResp)' and calls defaultPhone.invokeOemRilRequestRaw(byte[], Message); #34/#35 restore 'void invokeOemRilRequestRaw(byte[] data, Message response)' on Phone/CommandsInterface/RIL and consume RILConstants.LCE_NOT_AVAILABLE. Dropping #158 would break compilation of #82 and #35."
159,patches_treble_td,platform_frameworks_base,platform_frameworks_base/0049-Don-t-crash-system_server-if-we-fail-to-parse-dynami.patch,Don't crash system_server if we fail to parse dynamic,UNCERTAIN,PORT (fallback),VERIFIED_HIGH,94,"The patch guards FingerprintProvider code that only exists once #146 is applied (dynamic UDFPS prop parsing / PHH-Enroll block). #146 is skipped and grep of the post-chain FingerprintProvider.java shows no dynamicUdfpsProps or PHH-Enroll code, so there is nothing to guard. The corrected chain does modify this file (rows #4/#134), and those hunks are unrelated to the guarded block."
160,patches_treble_td,platform_frameworks_base,platform_frameworks_base/0050-Add-a-prop-to-disable-animation-in-for-sysui-media-c.patch,Add a prop to disable animation in for sysui media,CORE-likely-RELEVANT,PORT,VERIFIED_HIGH,93,"Context-only rebase verified line by line. A normalised diff-of-diff against the A14 original shows the added/removed payload is identical; only upstream context drift differs. Context drift in MediaCarouselController (import block, trailing comma); the persist.sys.phh.disable_media_carousel_animation guard is identical. Target: packages/SystemUI/.../media/controls/ui/controller/MediaCarouselController.kt."
161,patches_treble_td,platform_frameworks_base,platform_frameworks_base/0051-Allow-APKs-of-a-certain-signature-to-install-work-li.patch,Allow APKs of a certain signature to install/work like,UNCERTAIN,PORT (fallback),VERIFIED_HIGH,95,"Clean apply confirmed independently. The candidate's normalised diff body (index/@@ metadata stripped) is byte-identical to the A14 original in /root/port-los23-td/source-patches, whose sha256 matches PATCH_INDEX.sha256 and the canonical read-only L21 stack, so no rebase surface exists; the only deltas are git format-patch metadata and hunk offsets. Target services/core/.../pm/{PackageManagerServiceUtils,SELinuxMMAC,ScanPackageUtils}.java exists in the A16 baseline and `git apply --check` + `git am` succeed at the recorded position in the ordered chain."
162,patches_treble_td,platform_packages_modules_vndk,platform_packages_modules_vndk/0001-Include-vndk-v28-apex.patch,Include vndk v28 apex,CORE-likely-RELEVANT,PORT,VERIFIED_HIGH,95,"Accepted unchanged; no fix required. Provenance clean: original snapshot hash 086924d6725fb7ddf0a342b753dd53c789b35c707ddd09aef6558865578d8f00 matches PATCH_INDEX.sha256, recorded baseline equals real project HEAD, candidate artifact hash identical local/remote. The porter's intentional deviation (declaring v29 in addition to v28) is verified as required, not scope creep: A16 upstream deleted the v29 apex (commit 6e59419, 2024-11-22) and the v30 apex (3abe83f, Bug 444161072), while TD A16 device/phh/treble/base.mk:262 sets PRODUCT_EXTRA_VNDK_VERSIONS += 28 29 (old-vndk.mk:1 likewise). TWO independent A16 consumers demand one Soong module per requested version: Make build/make/core/main.mk:974 auto-included-modules, and (new in A16) Soong build/soong/fsgen/fsgen_mutators.go:348-352 which registers com.android.vndk.v<ver> as a system_ext filesystem dep from DeviceConfig().ExtraVndkVersions() (fed by soong_config.mk:153). Adding only v28 would hard-fail on undefined com.android.vndk.v29. The obvious counter-argument that gsi_release.mk:67 (PRODUCT_EXTRA_VNDK_VERSIONS := 31 32 33 34) clobbers TD's += was checked and refuted: product.mk:280 registers the variable in _product_list_vars, and product list vars concatenate across inheritance nodes, so the final value contains 31-34 plus 28 29. All analysis-time dependencies verified to exist: the five {vndkcore,vndksp,vndkprivate,vndkproduct,llndk}.libraries.{28,29}.txt prebuilt_etc modules required by apex/vndk.go:99-104 are defined unconditionally in prebuilts/vndk/v28/Android.bp and v29/Android.bp, and check_vndk_version (board_config.mk:1010-1022) is satisfied by v28/*/Android.bp and v29/*/Android.bp. VNDK machinery is intact in A16 soong (apex_vndk registered at apex/apex.go:50; vndk_prebuilt_shared at cc/vndk_prebuilt.go:272; snapshot prebuilts get vendor.<ver> variants at cc/image.go:348-355 and VndkVersion set at :528-529; MatchesWithDevice gates on arch/binder only; MinApiForArch(arm64)=21 < 28 so no auto-disable). Prerequisite snapshots come from the already-installed TD local manifest (.repo/local_manifests/td-layer.xml:20-21), so not BLOCKED_PREREQUISITE. Correctly bounded: v30 is deliberately NOT re-added, matching the absent prebuilts/vndk/v30 snapshot and TD not requesting 30."
163,patches_treble_td,platform_system_sepolicy,platform_system_sepolicy/0001-Revert-Remove-28.0-compat-support.patch,"Revert ""Remove 28.0 compat support""",CORE-likely-RELEVANT,PORT,VERIFIED_HIGH,95,"SKIPPED_IRRELEVANT upheld and strengthened. Independently confirmed: (a) the A16 selector half is absent - build/make/core/config.mk:884-896 defines PLATFORM_SEPOLICY_COMPAT_VERSIONS as 29.0 30.0 31.0 32.0 33.0 34.0 plus conditionally 202404/202504, with no 28.0 entry, and the paired build/make patch #107 is already VERIFIED_HIGH (93) as DROPPED_OBSOLETE; (b) the A16 sepolicy baseline ships no 28.0 data (prebuilts/api and private/compat both contain only 202404, 202504, 29.0-34.0); (c) our device needs 33.0 (VNDK 33 vendor) and optionally 34.0, both of which exist upstream, so no capability the C10 uses is lost; (d) the patch content is 347 diff headers of which 346 are 'new file mode' under prebuilts/api/28.0, private/compat/28.0 and public/compat/28.0, and the single existing-file edit is compat/Android.bp - i.e. with #107 dropped the restored modules would be defined-but-never-referenced Soong modules; (e) a repo-wide grep of the 306-patch source snapshot shows '28.0' appears in exactly two patches, #107 and #163, and no reference to 28.0 or PLATFORM_SEPOLICY_COMPAT_VERSIONS exists in device/phh/treble or vendor/lineage in the A16 target, so the pair is self-contained and both halves are consistently omitted. Note (not a defect): the A14 patch still applies cleanly to the A16 baseline (git apply --check rc=0), so this is a deliberate relevance skip, not a hidden conflict - which makes it trivially reversible if a VNDK-28 vendor is ever targeted."
164,patches_treble_td,platform_system_sepolicy,platform_system_sepolicy/0002-Fix-sepolicy-for-kernel-5.10-that-doesn-t-support-bp.patch,Fix sepolicy for kernel < 5.10 that doesn't support bpf,CORE-likely-RELEVANT,PORT,VERIFIED_HIGH,95,"REBASED accepted. The candidate is a pure context rebase: the two changed policy lines are byte-identical to the A14 post-apply state (diff of the extracted 'allow network_stack { fs_bpf ...' lines between /root/custom_android/lineage21/system/sepolicy/private/network_stack.te and the A16 post-apply file is empty). The A14 original legitimately fails on A16 only because upstream replaced the single trailing line 'allow network_stack bpfloader:bpf { map_read map_write prog_run };' with three lines (bpfloader:bpf prog_run / self:bpf map_create / { bpfloader netd network_stack system_server }:bpf { map_read map_write }); the target lines themselves are unchanged, now at private/network_stack.te:84-85. Use of the lineage-22-light bridge is justified and correctly scoped (stuck-only fallback; same author, Subject and Change-Id I877bd90b1dc74c9d2f7713c70fd9aebd92331085), and the exported artifact carries A16 line numbers (@@ -81,8 +81,8 @@) and the correct A16 blob index 414651982, i.e. it was regenerated against the real target rather than copied from 22-light (@@ -62,8 +62,8 @@). Label validity confirmed: 'type fs_bpf, fs_type, bpffs_type;' at public/file.te:142 and 'genfscon bpf / u:object_r:fs_bpf:s0' at private/genfs_contexts:347. An independent re-export from my own verification commit is byte-identical to the porter artifact apart from the commit-hash line, and the artifact hash c0fc3835... matches the recorded value locally and remotely."
165,patches_treble_td,platform_packages_modules_Connectivity,platform_packages_modules_Connectivity/0001-Allow-failing-to-load-bpf-programs-for-BPF-less-devi.patch,"Allow failing to load bpf programs, for BPF-less devices",CORE-likely-RELEVANT,PORT,VERIFIED_HIGH,96,"Pure in-repo path move netd/BpfHandler.cpp -> bpf/netd/BpfHandler.cpp. Candidate hunk body is byte-identical to the original (+8/-2), including the original's copy/paste quirk where the ingress branch re-tests 'ret' rather than 'ret2'; faithful reproduction is correct rather than silently 'fixing' upstream-authored behavior. The strict RETURN_IF_NOT_OK(attachProgramToCgroup(...)) pair is still present at A16, so the patch is not obsolete."
166,patches_treble_td,platform_packages_modules_Connectivity,platform_packages_modules_Connectivity/0002-Support-non-working-BPF-maps-on-old-BPF-less-kernel.patch,Support non-working BPF maps on old BPF-less kernel,CORE-likely-RELEVANT,PORT,FIXED_VERIFIED_HIGH,92,"Porter candidate (conf 78) was materially incomplete in the one place that matters most for this patch. The A14 original converted EVERY 'Android X requires kernel Y' check to failed=true (4.9 warn, 4.14 warn, 4.19 fatal->flag). A16 made them all fatal (return 3/4/5/6) and the candidate converted only return 3, leaving return 4 (U/4.14), return 5 (V/4.19) and return 6 (25Q2/5.4) as hard exits - directly contradicting the patch's purpose that netbpfload must never hard-fail on an old kernel. Verifier converted all three to failed=true. The fix is line-count neutral so patch 0005's offsets are unchanged. Everything else in the candidate was independently confirmed correct against A16 post-state source."
167,patches_treble_td,platform_packages_modules_Connectivity,platform_packages_modules_Connectivity/0003-Bring-back-traffic-indicators-for-legacy-devices.patch,Bring back traffic indicators for legacy devices,UNCERTAIN,PORT (fallback),VERIFIED_HIGH,93,"Same file path at A16; upstream refactored the three JNI getters to early-return style so the original context could not apply, but no xt_qtaguid reference exists anywhere in the A16 repo, so the patch is not obsolete. The parser functions and path constants were inserted character-for-character verbatim, and the call-site adaptation is provably equivalent."
168,patches_treble_td,platform_packages_modules_Connectivity,platform_packages_modules_Connectivity/0004-Revert-drop-support-for-V-gsi-on-pixel-5-R-base-kern.patch,"Revert ""drop support for V gsi on pixel 5 R base kernel""",CORE-likely-RELEVANT,PORT,VERIFIED_HIGH,97,"Independently diffed candidate against the original: content-identical. Only the commit hash, index blob hashes and two hunk offsets (@@ -90,6 -> @@ -91,6 and @@ -130,6 -> @@ -132,6) differ, i.e. a 1-2 line context shift with zero logic delta. Applies clean on the pristine A16 baseline, confirming the porter's CLEAN_AM claim."
169,patches_treble_td,platform_packages_modules_Connectivity,platform_packages_modules_Connectivity/0005-More-bpf-errors-ignore-there-are-some-4.14-without-t.patch,More bpf errors ignore -- there are some 4.14 without the,CORE-likely-RELEVANT,PORT,VERIFIED_HIGH,95,"File moved to bpf/loader/NetBpfLoad.cpp and the helper changed both name and return polarity: A14 writeProcSysFile() returns 0 on success (fatal was 'if (rc && isAtLeastKernelVersion(...)) return 1;'), A16 'static bool writeFile(...)' returns true on success (fatals are 'if (!writeFile(...)) return 23/24/25;'). The candidate correctly reduces all three sites to bare writeFile(...) calls, which is exactly the original's ignore-the-result intent with the inverted convention handled correctly."
170,patches_treble_td,platform_packages_modules_Connectivity,platform_packages_modules_Connectivity/0006-Revert-netdupdatable-add-back-abort-on-init-fail.patch,"Revert ""netdupdatable: add back abort() on init() fail""",UNCERTAIN,PORT (fallback),VERIFIED_HIGH,97,"Path move netd/NetdUpdatable.cpp -> bpf/netd/NetdUpdatable.cpp with a byte-identical A16 pre-image: the rebased diff reproduces the original patch's own blob hashes (index 3b15916398..8b9e5a759c), which is content-identity proof. Hunk body (+2/-2) is character-identical to the original."
171,patches_treble_td,platform_packages_modules_Bluetooth,platform_packages_modules_Bluetooth/0001-audio_hal_interface-Optionally-use-sysbta-HAL.patch,audio_hal_interface: Optionally use sysbta HAL,CORE-likely-RELEVANT,PORT,FIXED_VERIFIED_HIGH,93,"Candidate was functionally incomplete: A16 split the AIDL BT-audio client into aidl/client_interface_aidl.* and aidl/a2dp/client_interface_aidl.*, and only the former was switched to the sysbta provider-factory instance, leaving all four A2DP factory lookups (a2dp/client_interface_aidl.cc l.62/76/101/177) bound to /default. Verifier added the missing a2dp hunks (accessor + kSystemAudioProviderFactoryInterface + osi/include/properties.h include in the .h, four call sites in the .cc), matching AndyYan's lineage-22-light revision of the same patch. Post-fix there are zero direct kDefaultAudioProviderFactoryInterface.c_str() lookups left in system/. Author restored to Peter Cai; Change-Id preserved."
172,patches_treble_td,platform_packages_modules_Bluetooth,platform_packages_modules_Bluetooth/0002-Add-option-to-change-eSCO-Transport-Unit-Size.patch,Add option to change eSCO Transport Unit Size,UNCERTAIN,PORT (fallback),VERIFIED_HIGH,92,"Logic is a faithful reproduction of the A14 patch: table de-consted, <cutils/properties.h> included, and the persist.sys.bt.esco_transport_unit_size override applied to default_esco_parameters[codec] immediately before the 'if (offload)' SWB block. The A14 source has the same LC3/DSP-fallback early return ahead of the override, so the claimed coverage gap is not a regression. The additional Android.bp hunk was independently assessed as safe."
173,patches_treble_td,platform_packages_modules_Bluetooth,platform_packages_modules_Bluetooth/0003-Don-t-abort-when-failing-to-get-real-time-priority.patch,Don't abort when failing to get real-time priority,UNCERTAIN,PORT (fallback),VERIFIED_HIGH,94,"All four A14 changes are present and semantically identical at A16: three log::fatal -> log::error demotions on EnableRealTimeScheduling() failure and the timer_create retry without SCHED_FIFO attributes in osi/src/alarm.cc::timer_create_internal. LOG_ERROR -> log::error is the required A16 logging migration. The retry block preserves the original second-failure handling (CLOCK_BOOTTIME_ALARM hint, return false)."
174,patches_treble_td,platform_packages_modules_Bluetooth,platform_packages_modules_Bluetooth/0004-On-Samsung-devices-we-need-to-tell-Audio-HAL-if-we-r.patch,"On Samsung devices, we need to tell Audio HAL if we're",OEM/absent-hw,REVIEW (PORT if any doubt),VERIFIED_HIGH,93,"All five A14 edits to HeadsetStateMachine.java are present at the drifted A16 locations: field, cleanup() reset, Disconnected.enter() reset, the g_sco_samplerate setParameters call at the end of setAudioParameters(), and the 16000/8000 assignments in processWBSEvent(). The only adaptation is converting the arrow-switch arm for BTHF_WBS_NO/BTHF_WBS_NONE from an expression arm to a block arm, which is required to hold the second statement and changes no semantics (arrow switches have no fallthrough; the switch is a statement switch because the default arm returns)."
175,patches_treble_td,platform_packages_modules_Bluetooth,platform_packages_modules_Bluetooth/0005-Add-properties-to-disable-some-features-commands-sta.patch,Add properties to disable some features/commands/states,UNCERTAIN,PORT (fallback),VERIFIED_HIGH,93,"The four masking handlers (commands / ogfeatures / lefeatures / states) are reproduced 1:1 in the A16 controller_impl.cc, including the original bit arithmetic, page offset, empty-property guard and SplitString flags; only LOG_WARN -> log::warn changed. Build surface verified: base/strings/string_split.h is provided by libchrome, which is in static_libs of all three modules built from libbluetooth_gd_defaults (libbluetooth_gd, libbluetooth_gd_fuzzing, libbluetooth_gd_unit_tests); bluetooth::os::GetSystemProperty is declared in gd/os/system_properties.h:34 and the header was already included."
176,patches_treble_td,platform_packages_modules_Bluetooth,platform_packages_modules_Bluetooth/0006-Add-a-property-to-cap-declared-le-vendor-version.-Fo.patch,Add a property to cap declared le vendor version. Found,UNCERTAIN,PORT (fallback),VERIFIED_HIGH,92,"Both flagged deviations were checked and are correct. (1) vendor_promise.set_value() before each gate's return is required: the handler receives the promise Controller::Start() waits on, and every other early return in both A14 and A16 sets it; the A14 bare return was a latent hang that only triggered when the property was set. (2) Extending the caps to the A16-new v1.03/1.04/1.05 blocks is required for the property to retain its meaning, since A16 parses those blocks with no version guard. Thresholds 103/104/105 are the monotonic continuation of phh's dot-less version scheme and never interact with the controller-reported version_supported_ encoding (0x100+minor, per controller_impl_test.cc:568/593/612), which is never compared against vendor_cap_max."
177,patches_treble_td,platform_packages_modules_Bluetooth,platform_packages_modules_Bluetooth/0007-gd-hci-Ignore-command-READ_REMOTE_VERSION_INFORMATIO.patch,gd: hci: Ignore command READ_REMOTE_VERSION_INFORMATION,UNCERTAIN,PORT (fallback),FIXED_VERIFIED_HIGH,93,"Candidate targeted the wrong assert. The A14 assert quoted in the commit message still exists verbatim at A16 in HciLayer::impl::on_hci_event() (hci_layer.cc:477-484, inside the command_queue_.empty() branch, COMMAND_STATUS case). on_hci_event() runs before dispatch to on_command_status()/handle_command_response(), so the porter's guard in handle_command_response() (before log::assert_that(!command_queue_.empty(), ...)) was unreachable dead code and would not have prevented the crash. Verifier moved the skip to the true A14-equivalent site and removed the dead guard."
178,patches_treble_td,platform_external_selinux,platform_external_selinux/0001-Increase-default-log_level-to-get-actual-selinux-err.patch,Increase default log_level to get actual selinux error,CORE-likely-RELEVANT,PORT,VERIFIED_HIGH,98,"Independently re-applied on a fresh baseline worktree; single-token change secilc/secilc.c:110 CIL_ERR->CIL_WARN, site did not move in A16 and is not upstream. Porter artifact accepted unchanged."
179,patches_treble_td,platform_external_selinux,platform_external_selinux/0002-Revert-libsepol-Make-an-unknown-permission-an-error-.patch,"Revert ""libsepol: Make an unknown permission an error",CORE-likely-RELEVANT,PORT,VERIFIED_HIGH,97,Revert still needed at A16 (upstream hard-error present at baseline) and applies with only an offset shift. Post-patch __cil_resolve_perms is textually identical to the A14 post-patch function.
180,patches_treble_td,platform_external_selinux,platform_external_selinux/0003-Workaround-device-phh-treble-conflict-with-SELinux-p.patch,Workaround device/phh/treble conflict with SELinux,CORE-likely-RELEVANT,PORT,VERIFIED_HIGH,96,"Four-site tolerance for hostapd/sysfs_usb_supply/rpmb_device type-vs-typealias conflicts applies cleanly; every final function body matches the A14 post-patch tree. The only A16 delta is a context line reflecting cil_resolve_aliasactual's new 'struct cil_db *db' parameter, which does not affect the added lines."
181,patches_treble_td,platform_external_selinux,platform_external_selinux/0004-Allow-devices-virtual-block-genfscon-conflict-seen-o.patch,Allow /devices/virtual/block/ genfscon conflict (seen,CORE-likely-RELEVANT,PORT,VERIFIED_HIGH,97,"Installs the genfscon conflict bypass scaffolding in cil_post_genfscon_context_compare plus the /devices/virtual/block/ rule; unchanged site in A16, clean am, and it is the anchor the later four patches extend."
182,patches_treble_td,platform_external_selinux,platform_external_selinux/0005-if-service-is-rcs-accept-conflict.-Seen-on-Moto-E5.patch,"if service is ""rcs"", accept conflict. Seen on Moto E5",OEM/absent-hw,REVIEW (PORT if any doubt),VERIFIED_HIGH,96,"Moto-named but ported, not skipped, and reviewed for generic shared-code effect rather than judged by filename. Candidate is byte-identical to the original including hunk headers; nodups_specs did not move in A16."
183,patches_treble_td,platform_external_selinux,platform_external_selinux/0006-Allow-mismatches-of-exfat-genfscon.patch,Allow mismatches of exfat genfscon,CORE-likely-RELEVANT,PORT,VERIFIED_HIGH,97,"Extends the 181 bypass with exfat/esdfs at root path; clean am at the same site, final comparator identical to A14."
184,patches_treble_td,platform_external_selinux,platform_external_selinux/0007-Fix-boot-on-Moto-devices-using-unknown-class.patch,Fix boot on Moto devices using unknown class,OEM/absent-hw,REVIEW (PORT if any doubt),FIXED_VERIFIED_HIGH,94,"The porter's code rebase is correct and I confirmed it semantically; I fixed two metadata defects in the exported patch (lost upstream authorship, duplicate Change-Id with reflowed body) and re-exported it. Code hunks are provably unchanged and the resulting tree is bit-identical to the porter's chain."
185,patches_treble_td,platform_external_selinux,platform_external_selinux/0008-Improve-SELinux-policy-workaround-on-device-phh-treb.patch,Improve SELinux policy workaround on device/phh/treble,CORE-likely-RELEVANT,PORT,VERIFIED_HIGH,96,"One-line deletion applies cleanly after 180/184; the final cil_add_decl_to_symtab body is textually identical to the A14 post-patch version, proving 180+184+185 compose to the same end state."
186,patches_treble_td,platform_external_selinux,platform_external_selinux/0009-Allow-sys-vm-watermark_scale_factor-conflict-seen-on.patch,Allow /sys/vm/watermark_scale_factor conflict -- seen,CORE-likely-RELEVANT,PORT,VERIFIED_HIGH,97,"Additive bypass rule for the /sys/vm/watermark_scale_factor proc genfscon conflict; clean am, final comparator identical to A14."
187,patches_treble_td,platform_external_selinux,platform_external_selinux/0010-Allow-conflict-on-fuseblk.patch,Allow conflict on fuseblk,CORE-likely-RELEVANT,PORT,VERIFIED_HIGH,97,"Single-line addition of fuseblk to the 183 fs list; clean am, final comparator identical to A14."
188,patches_treble_td,platform_packages_modules_DnsResolver,platform_packages_modules_DnsResolver/0001-Dont-abort-if-the-DnsHelper-failed-to-init-on-BPF-le.patch,Dont abort if the DnsHelper failed to init on BPF-less kernel,CORE-likely-RELEVANT,PORT,VERIFIED_HIGH,97,"Porter's REBASED candidate is correct and needs no fix. Provenance clean (snapshot sha256 33c4a947... == PATCH_INDEX.sha256 == canonical lineage_patches_unified copy; candidate sha256 a98391fe... identical local/remote). Rebase was genuinely required: A16 upstream refactored resolveIsUidNetworkingBlockedFn() so the original hunk context no longer matches, and the abort() is still present at the A16 baseline, so DROPPED_OBSOLETE would have been wrong. Candidate removes exactly one abort() (1 file changed, 1 deletion) in the ADnsHelper_init-failure block while preserving both new upstream guards and the LOG line; post-apply source re-read confirms the correct block. Applies and git-am's cleanly on a fresh detached worktree at the recorded baseline. Consumer path traced to graceful degradation, no duplicate or contradictory patch exists in the 306-patch set, and the change is device-relevant (ANDYYAN_PATCHES B10 no-bpf/kernel-compat, GKI 5.15)."
189,patches_treble_td,platform_system_apex,platform_system_apex/0001-Disable-O_DIRECT-for-old-kernels.patch,Disable O_DIRECT for old kernels,CORE-likely-RELEVANT,PORT,VERIFIED_HIGH,96,"Provenance validated end-to-end: canonical L21 patch and immutable snapshot are the same file (sha256 09a176f08d81513affd80f3eb630deb6ee652e9121c88210da8b2474cb37f7a2, matching PATCH_INDEX.sha256), baseline confirmed as 97548ed51112062a4d1762a7dffa0cadcc09bda9 with a clean tree, and the candidate artifact hash c469a75e... is identical locally and in the porter's remote workdir. Row 189 is the only manifest row normalizing to system/apex, so ordering is trivial. Independently re-applied on two fresh detached worktrees at the exact baseline (the porter's port-1 worktree was not reused): the pristine A14 patch applies with offsets only (+1 / +190) and the candidate artifact applies with zero offsets; both produce an identical tree (git diff --name-only = 0 files). A verifier git format-patch re-export is byte-identical to the candidate except the From <sha> header line, so no replacement artifact is needed. The A16 refactor split the old ConfigureLoopDevice, but it moved the patch's entire anchor block (bool use_buffered_io, the O_DIRECT open, the EROFS/squashfs statfs fallback) into CreateAndConfigureLoopDevice while ConfigureLoopDevice now receives use_buffered_io and still applies LO_FLAGS_DIRECT_IO, so the hunk lands in the semantically correct place with unchanged semantics. Two genuine compile hazards (function-like major()/minor() macros from sys/sysmacros.h shadowing the patch's variable names, and only-transitively-declared sscanf) were closed with a ~1s -fsyntax-only header probe using the tree's own clang-r563880c, A16 bionic/libc++ headers and apexd's own -Wall -Wextra -Werror flags: zero diagnostics. No duplicate logic upstream, no downstream consumers affected, no sepolicy/sysprop/build-system impact. Deduction of 4 points only for the upstream-inherited residual (LO_FLAGS_DIRECT_IO still requested on the buffered old-kernel path) and the absence of a full apexd link build, both unreachable or irrelevant on this device's GKI 5.15."
190,patches_treble_td,platform_hardware_interfaces,platform_hardware_interfaces/0001-Add-a-vendor800-command-to-be-able-to-call-vendor-sp.patch,"Add a vendor800 command, to be able to call",UNCERTAIN,PORT (fallback),VERIFIED_HIGH,96,"Provenance clean: source sha256 c9a80ed4.. matches PATCH_INDEX.sha256 and the canonical lineage_patches_unified copy; the candidate differs from the source only in the From-sha, the index blob line and the git version trailer (diff body byte-identical). Applied cleanly at position 1 of 3 in a fresh detached worktree at the recorded baseline, and the pristine source patch reproduces an identical tree in a second control worktree. Not upstream in A16 (no vendor800 / '0x800 <<' anywhere in hardware/interfaces, and no equivalent in the prefetched A16 TD references). No fix required."
191,patches_treble_td,platform_hardware_interfaces,platform_hardware_interfaces/0002-Fix-light-sensor-crash-on-Xiaomi-13.patch,Fix light sensor crash on Xiaomi 13,OEM/absent-hw,REVIEW (PORT if any doubt),VERIFIED_HIGH,95,"Provenance clean (source b960412f.. matches the index and the canonical copy; candidate diff body byte-identical). Cumulative clean apply at position 2/3 on a fresh baseline worktree, reproduced with the pristine source in a control worktree. Not upstream in A16 (the scalar case is still a bare get<scalar>()). The porter's single open risk (set-but-unused dstr) was disproved empirically with the exact A16 toolchain, so no fix was needed and no gratuitous divergence from upstream was introduced. The decision to PORT rather than skip is correct: the Xiaomi trigger is OEM-specific but the code is generic defensive hardening of shared code, and #192's context depends on these lines."
192,patches_treble_td,platform_hardware_interfaces,platform_hardware_interfaces/0003-Fix-crash-on-Samsung-S23-using-stock-properties-beca.patch,"Fix crash on Samsung S23 using stock properties, because",OEM/absent-hw,REVIEW (PORT if any doubt),VERIFIED_HIGH,96,"Provenance clean (source ef003d3b.. matches the index and the canonical copy; candidate diff body byte-identical). Cumulative clean apply at position 3/3, reproduced with the pristine sources in a control worktree yielding an identical final tree. Not upstream in A16. Strictly additive else-if in front of an unchanged default; PORT rather than skip is correct because the code is generic and its context is chained on #191. No fix required."
193,patches_treble_td,platform_packages_modules_Wifi,platform_packages_modules_Wifi/0001-Add-persist.sys.phh.wifi_disable_sae-property-to-dis.patch,Add persist.sys.phh.wifi_disable_sae property to disable,UNCERTAIN,PORT (fallback),VERIFIED_HIGH,95,"Provenance clean (original sha256 d1b3f2c338ce...26c08 identical in L21 canonical repo, source-patch snapshot and PATCH_INDEX.sha256; candidate sha256 92f689ac...f399e8 matches porter result byte-for-byte). A16 deleted the cached mIsWpa3SaeUpgradeEnabled field in the WifiResourceCache refactor, so the A14 anchor no longer exists and the getter isWpa3SaeUpgradeEnabled() is the only structurally possible anchor; the porter placed the unmodified TD override there (same property, same ""true"".equals test, same fully-qualified android.os.SystemProperties call, same Change-Id I72a0133e986f2c745af3c915ed65d7b540d2119b). Tree-wide grep proves exactly one production read of R.bool.config_wifiSaeUpgradeEnabled exists (WifiGlobals.java:352, inside the patched method), so all five production consumers honor the property with no bypass. Not absorbed upstream. Opt-in: with the property unset behavior is identical to upstream A16. No fix required."
194,patches_platform,build_make,build_make/0001-build-Remove-llkd.patch,build: Remove llkd,UNCERTAIN,PORT (fallback),VERIFIED_HIGH,96,"Context-only rebase, logic identical. A16 base_system.mk inserted llndk_libs between llkd and lmkd, invalidating the A14 hunk context; the candidate deletes exactly the one llkd entry (A16 line 214) and nothing else (1 file, 1 deletion). Author, subject and Change-Id preserved."
195,patches_platform,vendor_lineage,vendor_lineage/0001-vendor_lineage-Log-privapp-permissions-whitelist-vio.patch,vendor_lineage: Log privapp-permissions whitelist,UNCERTAIN,PORT (fallback),VERIFIED_HIGH,96,Rebase is a single upstream container-variable rename (PRODUCT_SYSTEM_DEFAULT_PROPERTIES -> PRODUCT_PRODUCT_PROPERTIES in config/common.mk); the semantic change enforce->log plus comment is identical to L21. Post-apply file read confirms the exact three-line block at config/common.mk L105-108.
196,patches_platform,vendor_lineage,vendor_lineage/0002-Revert-overlay-Default-to-night-mode.patch,"Revert ""overlay: Default to night mode""",UNCERTAIN,PORT (fallback),VERIFIED_HIGH,97,"True clean AM. Byte diff vs the original patch shows only blob indexes, hunk offset 146->144 and the git trailer; the removed 8 lines and both context neighbours are identical."
197,patches_platform,packages_apps_Messaging,packages_apps_Messaging/0001-Messaging-Add-Mark-as-read-quick-action-for-message-.patch,"Messaging: Add ""Mark as read"" quick action for message",UNCERTAIN,PORT (fallback),VERIFIED_HIGH,95,"Provenance confirmed (original sha256 c91ccb98..52edb9 matches PATCH_INDEX.sha256 in both the snapshot and the canonical L21 stack; baseline 117df5fe independently confirmed). Context-only rebase onto A16 verified faithful at every anchor, with one mandatory A16 adaptation (FLAG_IMMUTABLE) that is correct and complete. Function-level diffs against the L21 applied tree are byte-identical for BugleNotifications.addReadAction, NotificationReceiver and NotificationState; UIIntentsImpl differs only in the PendingIntent flags. The one omitted piece of the original patch (adding a trailing newline to NotificationReceiver.java) is already upstream at A16 and exactly accounts for the 1-insert/1-delete difference between the A16 net stat (78/1) and the L21 applied net stat (79/2). Artifact content is identical to the porter's (2aba6e85..); only the format-patch From-sha header differs because the pair was re-exported together after fixing 0002."
198,patches_platform,packages_apps_Messaging,packages_apps_Messaging/0002-Properly-set-conversation-as-read.patch,Properly set conversation as read,UNCERTAIN,PORT (fallback),FIXED_VERIFIED_HIGH,95,"Provenance confirmed (original sha256 066eb0c5..610b9a matches PATCH_INDEX.sha256). One fidelity defect found and repaired: the A14 original removes an 8-line block from MessageNotificationState.java (the getReadIntent() override plus its trailing blank line, hunk -335,14) but the candidate removed only 7 (hunk -327,13), leaving the chain with a stray extra blank line versus baseline - cosmetic, but an unintended residual delta on a file the original pair nets to zero. Fixed by deleting the extra blank line and amending the 0002 commit with author/date/subject/Change-Id preserved (Luca Stefani, 2020-03-28, I468e0d50f8..), then re-exporting with git format-patch. The fixed hunk is now -327,14 and its post-image blob cece072 is exactly the pristine baseline blob referenced by 0001's own pre-image, so MessageNotificationState.java no longer appears in the cumulative diff - matching the L21 applied state. Everything else was already faithful."
199,patches_platform,packages_apps_LineageParts,packages_apps_LineageParts/0001-LineageParts-Invert-per-app-stretch-to-fullscreen.patch,LineageParts: Invert per-app stretch-to-fullscreen,UNCERTAIN,PORT (fallback),VERIFIED_HIGH,96,"Provenance clean: original A14 patch sha256 c4091bec2c6a5593d36ed2ce06397bc286ec2f007169a32ef59d412255889ab5 is identical in the immutable source-patches snapshot, in the canonical lineage_patches_unified, and in PATCH_INDEX.sha256; the candidate artifact 9d5d737b... is identical locally and remotely; target project HEAD equals the recorded baseline 9d0f86c6 on lineage-23.2 with a clean tree. Reapplied on my own flock-serialized fresh detached worktree (not the porter's): git apply --check -v clean with zero offsets, git am clean -> commit 3ff58b4881f0f65de97ae6c7fa4fe70d64d08bd0, diffstat 6 files/11+/11-. A diff of all +/- hunk bodies against the A14 original is identical, so the candidate is the original re-exported at A16 line numbers with nothing added, dropped, or reworded. An independent git format-patch -1 re-export (fc836895...) reproduces the candidate except the From-sha line. No defect found, so no fix was needed and the porter artifact is accepted unchanged."
200,patches_platform,lineage-sdk,lineage-sdk/0001-sdk-Invert-per-app-stretch-to-fullscreen.patch,sdk: Invert per-app stretch-to-fullscreen implementation,UNCERTAIN,PORT (fallback),VERIFIED_HIGH,97,"Provenance clean: original A14 patch sha256 15d48c50... identical in canonical lineage_patches_unified and the immutable source-patches snapshot; candidate artifact aabf3b44... identical locally and remotely; target baseline confirmed 392e4cc7 on lineage-23.2 with a clean tree. Reapplied on a fresh lock-serialized detached worktree (not the porter's): git apply --check clean, git am clean (commit 849b86b7). The committed hunk body is byte-identical to the A14 original (verified by diff of stripped +/- lines); only the hunk offset moved (old L57 -> new L48). Not upstream at A16 (baseline still had the non-inverted expression). Independent git format-patch re-export reproduces the candidate artifact byte-for-byte apart from the From-sha and [PATCH 1/2] header, so no fix was needed."
201,patches_platform,frameworks_base,frameworks_base/0001-Add-DisplayCutoutEmulationNoneOverlay.patch,Add DisplayCutoutEmulationNoneOverlay,CORE-likely-RELEVANT,PORT,VERIFIED_HIGH,95,"Clean apply confirmed independently. The candidate's normalised diff body (index/@@ metadata stripped) is byte-identical to the A14 original in /root/port-los23-td/source-patches, whose sha256 matches PATCH_INDEX.sha256 and the canonical read-only L21 stack, so no rebase surface exists; the only deltas are git format-patch metadata and hunk offsets. Target packages/overlays/DisplayCutoutEmulationNoneOverlay/* exists in the A16 baseline and `git apply --check` + `git am` succeed at the recorded position in the ordered chain."
202,patches_platform,frameworks_base,frameworks_base/0002-Disable-FP-lockouts-optionally.patch,Disable FP lockouts optionally,UNCERTAIN,PORT (fallback),VERIFIED_HIGH,95,"Clean apply confirmed independently. The candidate's normalised diff body (index/@@ metadata stripped) is byte-identical to the A14 original in /root/port-los23-td/source-patches, whose sha256 matches PATCH_INDEX.sha256 and the canonical read-only L21 stack, so no rebase surface exists; the only deltas are git format-patch metadata and hunk offsets. Target services/core/.../fingerprint/hidl/LockoutFrameworkImpl.java exists in the A16 baseline and `git apply --check` + `git am` succeed at the recorded position in the ordered chain."
203,patches_platform,frameworks_base,frameworks_base/0003-Disable-vendor-mismatch-warning.patch,Disable vendor mismatch warning,UNCERTAIN,PORT (fallback),VERIFIED_HIGH,95,"Clean apply confirmed independently. The candidate's normalised diff body (index/@@ metadata stripped) is byte-identical to the A14 original in /root/port-los23-td/source-patches, whose sha256 matches PATCH_INDEX.sha256 and the canonical read-only L21 stack, so no rebase surface exists; the only deltas are git format-patch metadata and hunk offsets. Target services/core/.../wm/ActivityTaskManagerService.java exists in the A16 baseline and `git apply --check` + `git am` succeed at the recorded position in the ordered chain."
204,patches_platform,frameworks_base,frameworks_base/0004-Keyguard-Allow-locking-to-any-rotation-mode.patch,Keyguard: Allow locking to any rotation mode,UNCERTAIN,PORT (fallback),VERIFIED_HIGH,92,"Correct three-way merge with A16 dream/glanceable-hub logic. A16 NotificationShadeWindowControllerImpl.adjustScreenOrientation gained dreamShowingAndRotationAllowed and an 'else if (state.glanceableHubOrientationAware || dreamShowingAndRotationAllowed)' branch; the port keeps both and applies the A14 transformation (fold shouldEnableKeyguardScreenRotation() into the first condition, drop the NOSENSOR else so non-rotating keyguards fall through to the upstream else chain)."
205,patches_platform,frameworks_base,frameworks_base/0005-Keyguard-Fix-colors-of-slices-not-updating-on-doze.patch,Keyguard: Fix colors of slices not updating on doze,UNCERTAIN,PORT (fallback),VERIFIED_HIGH,91,"Re-wiring verified against the A16 keyguard architecture. The A14 sites (KeyguardStatusViewController and NotificationPanelViewController.onDozeAmountChanged) no longer carry the slice, so the port adds KeyguardSliceViewController.setDarkAmount() -> KeyguardSliceView.setDarkAmount() (exists at A16 l.225 and calls updateTextColors()) and drives it from KeyguardSliceViewBinder with keyguardInteractor.dozeAmount. Verified KeyguardInteractor.dozeAmount (l.161) is the interpolated AOD/DOZING transitionValue in [0,1] (the same interpolated amount A14 passed), KeyguardSliceViewBinder.bind is actually used (KeyguardSliceViewSection l.91), and no other setDarkAmount caller exists, so there is no duplicate or conflicting path."
206,patches_platform,frameworks_base,frameworks_base/0006-UI-Adjust-default-navbar-layouts.patch,UI: Adjust default navbar layouts,UNCERTAIN,PORT (fallback),VERIFIED_HIGH,93,Context-only rebase verified line by line. A normalised diff-of-diff against the A14 original shows the added/removed payload is identical; only upstream context drift differs. One neighbouring navbar-layout string (menu_ime -> contextual) changed upstream; the three overridden layout strings are identical. Target: packages/SystemUI/res/values/config.xml.
207,patches_platform,frameworks_base,frameworks_base/0007-UI-Adjust-split-screen-divider.patch,UI: Adjust split-screen divider,UNCERTAIN,PORT (fallback),VERIFIED_HIGH,93,"Context-only rebase verified line by line. A normalised diff-of-diff against the A14 original shows the added/removed payload is identical; only upstream context drift differs. Only comments and the <resources> root-tag namespace differ; all six colour resources and the SplitLayout divider change are identical, and taskbar_background/taskbar_nav_icon_color exist in libs/WindowManager/Shell/res. Target: libs/WindowManager/Shell/res/* + common/split/SplitLayout.java."
208,patches_platform,frameworks_base,frameworks_base/0008-UI-Disable-wallpaper-zoom.patch,UI: Disable wallpaper zoom,UNCERTAIN,PORT (fallback),VERIFIED_HIGH,95,"Clean apply confirmed independently. The candidate's normalised diff body (index/@@ metadata stripped) is byte-identical to the A14 original in /root/port-los23-td/source-patches, whose sha256 matches PATCH_INDEX.sha256 and the canonical read-only L21 stack, so no rebase surface exists; the only deltas are git format-patch metadata and hunk offsets. Target core/res/res/values/config.xml exists in the A16 baseline and `git apply --check` + `git am` succeed at the recorded position in the ordered chain."
209,patches_platform,frameworks_base,frameworks_base/0009-UI-Follow-Monet-and-light-dark-theme-in-user-1-icon.patch,UI: Follow Monet and light/dark theme in user 1 icon,UNCERTAIN,PORT (fallback),VERIFIED_HIGH,95,"Clean apply confirmed independently. The candidate's normalised diff body (index/@@ metadata stripped) is byte-identical to the A14 original in /root/port-los23-td/source-patches, whose sha256 matches PATCH_INDEX.sha256 and the canonical read-only L21 stack, so no rebase surface exists; the only deltas are git format-patch metadata and hunk offsets. Target core/res/res/values{,-night}/colors.xml exists in the A16 baseline and `git apply --check` + `git am` succeed at the recorded position in the ordered chain."
210,patches_platform,frameworks_base,frameworks_base/0010-UI-Increase-default-status-bar-height.patch,UI: Increase default status bar height,UNCERTAIN,PORT (fallback),VERIFIED_HIGH,95,"Clean apply confirmed independently. The candidate's normalised diff body (index/@@ metadata stripped) is byte-identical to the A14 original in /root/port-los23-td/source-patches, whose sha256 matches PATCH_INDEX.sha256 and the canonical read-only L21 stack, so no rebase surface exists; the only deltas are git format-patch metadata and hunk offsets. Target core/res/res/values/dimens.xml exists in the A16 baseline and `git apply --check` + `git am` succeed at the recorded position in the ordered chain."
211,patches_platform,frameworks_base,frameworks_base/0011-UI-Revive-navbar-layout-tuning-via-sysui_nav_bar-tun.patch,UI: Revive navbar layout tuning via sysui_nav_bar,UNCERTAIN,PORT (fallback),FIXED_VERIFIED_HIGH,92,"Retained (not dropped) but fixed. LineageOS 23 removed the shared NAV_BAR_INVERSE/navigation-hint ContentObserver the A14 patch hooked into, so the observer must be recreated; the porter created it as a constructor local, registered it and never unregistered it, leaking one ContentObserver per NavigationBarInflaterView inflation (each holding view/context) and firing the initial onChange potentially before onFinishInflate created mHorizontal/mVertical. The fixed artifact restores the A14 lifecycle: 'private final ContentObserver mContentObserver' built in the constructor with the same NAV_BAR_VIEWS uri check, registered in a new onAttachedToWindow() and unregistered in the existing onDetachedFromWindow(); the now-unused Handler import was dropped. NAV_BAR_VIEWS ('sysui_nav_bar') still exists at A16 (l.59) and setNavigationBarLayout/mUsingCustomLayout are unchanged from the original patch."
212,patches_platform,frameworks_base,frameworks_base/0012-UI-Use-SNAP_FIXED_RATIO-for-multi-window-globally.patch,UI: Use SNAP_FIXED_RATIO for multi-window globally,UNCERTAIN,PORT (fallback),VERIFIED_HIGH,95,"Clean apply confirmed independently. The candidate's normalised diff body (index/@@ metadata stripped) is byte-identical to the A14 original in /root/port-los23-td/source-patches, whose sha256 matches PATCH_INDEX.sha256 and the canonical read-only L21 stack, so no rebase surface exists; the only deltas are git format-patch metadata and hunk offsets. Target core/res/res/values{,-sw600dp}/config.xml exists in the A16 baseline and `git apply --check` + `git am` succeed at the recorded position in the ordered chain."
213,patches_platform,frameworks_base,frameworks_base/0013-core-Remove-old-app-target-SDK-dialog.patch,core: Remove old app target SDK dialog,UNCERTAIN,PORT (fallback),VERIFIED_HIGH,93,Context-only rebase verified line by line. A normalised diff-of-diff against the A14 original shows the added/removed payload is identical; only upstream context drift differs. Context drift in AppWarnings (A16 added the 16KB page-size dialog above); the deprecated-target-SDK dialog removal is identical. Target: services/core/.../wm/AppWarnings.java.
214,patches_platform,frameworks_base,frameworks_base/0014-Paint-Enable-subpixel-text-positioning-by-default.patch,Paint: Enable subpixel text positioning by default,UNCERTAIN,PORT (fallback),VERIFIED_HIGH,95,"Clean apply confirmed independently. The candidate's normalised diff body (index/@@ metadata stripped) is byte-identical to the A14 original in /root/port-los23-td/source-patches, whose sha256 matches PATCH_INDEX.sha256 and the canonical read-only L21 stack, so no rebase surface exists; the only deltas are git format-patch metadata and hunk offsets. Target graphics/java/android/graphics/Paint.java exists in the A16 baseline and `git apply --check` + `git am` succeed at the recorded position in the ordered chain."
215,patches_platform,frameworks_base,frameworks_base/0015-Remove-debuggable-requirement-for-signature-spoofing.patch,Remove debuggable requirement for signature spoofing,UNCERTAIN,PORT (fallback),VERIFIED_HIGH,93,Context-only rebase verified line by line. A normalised diff-of-diff against the A14 original shows the added/removed payload is identical; only upstream context drift differs. ComputerEngine.isDebuggable() is public at A16 (context only); removal of the isDebuggable() gate in isMicrogSigned() is identical. Target: services/core/.../pm/ComputerEngine.java.
216,patches_platform,frameworks_base,frameworks_base/0016-Display-Cutout-Error.patch,Display Cutout Error,CORE-likely-RELEVANT,PORT,VERIFIED_HIGH,98,"Drop independently confirmed as already-upstream. 'git show 911464cc30f6' in the target repo is AOSP commit 'Display Cutout Error' (bug 329438697) which deletes exactly the four lines the A14 patch deletes from DisplayCutout.computeSafeInsets, and grep of the baseline finds no displayW == displayH UnsupportedOperationException. Equivalent logic exists upstream and nothing later in the chain depends on the patch."
217,patches_platform,frameworks_base,frameworks_base/0017-Revert-Adding-ColorUpdateLogger-to-track-color-updat.patch,"Revert ""Adding ColorUpdateLogger to track color updates",UNCERTAIN,PORT (fallback),VERIFIED_HIGH,92,"Large but complete revert; the intentional deviation is justified. A tree-wide grep for ColorUpdateLogger, colorUpdateLogger, DrawableDump, notification_color_update_logger and notificationColorUpdateLogger returns zero hits in the post-chain frameworks/base and zero hits in vendor/lineage, vendor/qcom and packages/apps, so the removed aconfig flag has no remaining consumer. The hunks inspected (NotificationShelf, ViewConfigCoordinator, FooterView, ExpandableView, NotificationBackgroundView) remove only logging calls plus the ColorUpdateLogger constructor parameter and restore the A14 NotificationShelf.toString() form, exactly like the original. getNightModeName was deliberately KEPT because at A16 ConfigurationControllerDelegate (l.54), the ConfigurationController interface (l.36) and ConfigurationControllerDelegateTest depend on it; removing it as the A14 revert did would break unrelated upstream code. Import hygiene verified: hexColorString remains imported only in NotificationBackgroundView, which still uses it (l.496-497)."
218,patches_platform,frameworks_base,frameworks_base/0018-Revert-Change-color-of-track.patch,"Revert ""Change color of track""",UNCERTAIN,PORT (fallback),VERIFIED_HIGH,93,Context-only rebase verified line by line. A normalised diff-of-diff against the A14 original shows the added/removed payload is identical; only upstream context drift differs. Only the copyright year in the reverted drawable differs; the brightness track drawable revert is identical. Target: packages/SystemUI/res/drawable/brightness_progress_drawable.xml.
219,patches_platform,frameworks_base,frameworks_base/0019-Revert-Fix-the-text-color-used-on-the-notification-u.patch,"Revert ""Fix the text color used on the notification",UNCERTAIN,PORT (fallback),VERIFIED_HIGH,95,"Clean apply confirmed independently. The candidate's normalised diff body (index/@@ metadata stripped) is byte-identical to the A14 original in /root/port-los23-td/source-patches, whose sha256 matches PATCH_INDEX.sha256 and the canonical read-only L21 stack, so no rebase surface exists; the only deltas are git format-patch metadata and hunk offsets. Target core/java/android/app/Notification.java exists in the A16 baseline and `git apply --check` + `git am` succeed at the recorded position in the ordered chain."
220,patches_platform,frameworks_base,frameworks_base/0020-Revert-Update-SystemUI-to-new-notification-color-spe.patch,"Revert ""Update SystemUI to new notification color spec""",UNCERTAIN,PORT (fallback),VERIFIED_HIGH,90,"Drop upheld but the reason is corrected: the accurate label is SUPERSEDED/UNPORTABLE, not 'no target exists'. Some anchors still exist in modified form (res/color/notification_guts_priority_button_bg_stroke.xml still selects materialColorOnSurfaceVariant, now as @androidprv:color/ rather than ?androidprv:attr/), while others are genuinely gone (statusbar/EmptyShadeView.java absent; notification_material_bg.xml rebuilt on materialColorSurfaceContainerHigh; FooterView/NotificationStackScrollLayout rewritten by the NotifRedesign work). A faithful 36-file colour-spec revert would be a speculative re-theming, and AndyYan dropped this whole series in his own lineage-22-light (A15) set. The change is purely cosmetic, functionally irrelevant to the C10, and no dangling references result: every @color/@style/?attr token added by the retained platform patches resolves in the post-chain tree."
221,patches_platform,frameworks_base,frameworks_base/0021-Revert-Update-framework-to-new-notification-color-sp.patch,"Revert ""Update framework to new notification color",UNCERTAIN,PORT (fallback),VERIFIED_HIGH,90,"Drop upheld with an explicit correction: the framework target is NOT gone. A16 Notification.java still contains the exact 'new spec' code this revert targets, 'if (p.mHighlightExpander) { pillColor = Colors.flattenAlpha(getColors(p).getTertiaryFixedDimAccentColor(), bgColor);' (l.6602-6604) plus the mTertiaryFixedDimAccentColor field and derivation (l.16706, 16793, 16812, 16847). The patch is therefore rebasable in principle; it is dropped as a deliberate cosmetic-scope decision because it is the framework half of the #220 SystemUI colour-spec revert (applying one half without the other would be worse than applying neither), matching AndyYan's own A15 decision. Zero functional/device impact: it only changes notification pill/text colour derivation."
222,patches_platform,frameworks_base,frameworks_base/0022-Revert-Make-QS-always-use-dark-theme-colors.patch,"Revert ""Make QS always use dark theme colors""",UNCERTAIN,PORT (fallback),VERIFIED_HIGH,93,Context-only rebase verified line by line. A normalised diff-of-diff against the A14 original shows the added/removed payload is identical; only upstream context drift differs. One neighbouring biometric container style name differs; the QS dark-theme revert lines are identical. Target: packages/SystemUI/res/values/styles.xml.
223,patches_platform,frameworks_base,frameworks_base/0023-Revert-Do-not-re-inflate-QS-and-SB-when-CONFIG_UI_MO.patch,"Revert ""Do not re-inflate QS and SB when",UNCERTAIN,PORT (fallback),VERIFIED_HIGH,95,"Clean apply confirmed independently. The candidate's normalised diff body (index/@@ metadata stripped) is byte-identical to the A14 original in /root/port-los23-td/source-patches, whose sha256 matches PATCH_INDEX.sha256 and the canonical read-only L21 stack, so no rebase surface exists; the only deltas are git format-patch metadata and hunk offsets. Target packages/SystemUI/.../fragments/FragmentHostManager.java exists in the A16 baseline and `git apply --check` + `git am` succeed at the recorded position in the ordered chain."
224,patches_platform,frameworks_base,frameworks_base/0024-SystemUI-Follow-light-dark-theme-in-quick-settings.patch,SystemUI: Follow light/dark theme in quick settings,UNCERTAIN,PORT (fallback),VERIFIED_HIGH,90,"Drop upheld after independent inspection. The style half is genuinely obsolete: LineageOS 23 Theme.SystemUI.QuickSettings (values/styles.xml l.533-559) resolves shadeActive/onShadeActive/onShadeActiveVariant/shadeInactive/onShadeInactive/onShadeInactiveVariant/shadeDisabled/underSurface from @androidprv:color/customColor* (framework-side, already day/night aware) instead of the @color/material_dynamic_* literals the A14 patch rewrote, and there is no Theme.SystemUI.QuickSettings block in values-night/styles.xml to duplicate; re-adding a hard-coded night copy would fight the new mechanism. The remaining ScrimController/ScrimState hunks only force Color.TRANSPARENT behind-scrim tints so a light QS panel shows through; ported alone they would change scrim behaviour with no matching background, which is why the partial port was correctly refused. Cosmetic-only, no dangling references, dropped by AndyYan at A15."
225,patches_platform,frameworks_base,frameworks_base/0025-SystemUI-Use-themewrapper-for-QSCustomizer-and-tune-.patch,SystemUI: Use themewrapper for QSCustomizer and tune,UNCERTAIN,PORT (fallback),VERIFIED_HIGH,93,Context-only rebase verified line by line. A normalised diff-of-diff against the A14 original shows the added/removed payload is identical; only upstream context drift differs. QSCustomizer import/blur-flag context drift and Kotlin formatting of overlayColorActive; the ContextThemeWrapper usage and colorUnavailable tuning are identical. Target: packages/SystemUI/.../qs/customize/QSCustomizer.java + tileimpl/QSTileViewImpl.kt.
226,patches_platform,frameworks_base,frameworks_base/0026-SystemUI-Initialize-QS-tiles-in-inactive-state.patch,SystemUI: Initialize QS tiles in inactive state,UNCERTAIN,PORT (fallback),VERIFIED_HIGH,95,"Clean apply confirmed independently. The candidate's normalised diff body (index/@@ metadata stripped) is byte-identical to the A14 original in /root/port-los23-td/source-patches, whose sha256 matches PATCH_INDEX.sha256 and the canonical read-only L21 stack, so no rebase surface exists; the only deltas are git format-patch metadata and hunk offsets. Target packages/SystemUI/plugin/.../qs/QSTile.java exists in the A16 baseline and `git apply --check` + `git am` succeed at the recorded position in the ordered chain."
227,patches_platform,frameworks_base,frameworks_base/0027-SystemUI-Add-dual-tone-light-and-dark-themes-for-QS.patch,SystemUI: Add dual-tone light and dark themes for QS,UNCERTAIN,PORT (fallback),VERIFIED_HIGH,91,"Faithful adaptation to the A16 ScrimController. The resource half (core/res/res/color/surface_header_dark_sysui.xml and the values-night colorSurfaceHeader item) is byte-identical to A14; only the Java hunk was re-based onto A16 updateThemeColors() (which now reads materialColorSurfaceDim/materialColorPrimary and has a bouncerUiRevamp branch). mBehindColors is still allocated in the constructor, still fed from com.android.internal.R.attr.colorSurfaceHeader through settingslib Utils, still contrast-checked with ColorUtils.calculateContrast(..., Color.WHITE) > 4.5, and mScrimBehind still receives mBehindColors while front/notification scrims keep mColors. colorSurfaceHeader exists (core/res attrs.xml l.1187 plus themes_device_defaults items) and ScrimController already imports Color, ColorUtils and ContrastColorUtil."
228,patches_platform,frameworks_base,frameworks_base/0028-SystemUI-Re-inflate-QS-and-SB-when-CONFIG_SCREEN_LAY.patch,SystemUI: Re-inflate QS and SB when,UNCERTAIN,PORT (fallback),VERIFIED_HIGH,95,"Clean apply confirmed independently. The candidate's normalised diff body (index/@@ metadata stripped) is byte-identical to the A14 original in /root/port-los23-td/source-patches, whose sha256 matches PATCH_INDEX.sha256 and the canonical read-only L21 stack, so no rebase surface exists; the only deltas are git format-patch metadata and hunk offsets. Target packages/SystemUI/.../fragments/FragmentHostManager.java exists in the A16 baseline and `git apply --check` + `git am` succeed at the recorded position in the ordered chain."
229,patches_platform,frameworks_base,frameworks_base/0029-SystemUI-Follow-light-dark-theme-in-SplitShade-Heade.patch,SystemUI: Follow light/dark theme in SplitShade Header,UNCERTAIN,PORT (fallback),VERIFIED_HIGH,91,"Drop confirmed as absorbed upstream. A16 ShadeHeaderController already implements the mechanism the A14 patch added: a private updateColors() (l.552) that re-applies TextAppearance_QS_Status to clock and date, calls mShadeCarrierGroup.updateTextAppearanceAndTint(style, fg, bg) and iconManager.setTint(fg, bg), invoked from onThemeChanged() (l.354-355) and onUiModeChanged() (l.358-359), the same trigger points the patch introduced. The styles.xml half has no target: TextAppearance.QS.Status.Carriers and its NoCarrierText child no longer exist anywhere in packages/SystemUI (grep: 0 hits)."
230,patches_platform,frameworks_base,frameworks_base/0030-SystemUI-Use-transparent-background-for-QS-footer.patch,SystemUI: Use transparent background for QS footer,UNCERTAIN,PORT (fallback),VERIFIED_HIGH,91,"Compose footer re-base verified. A16 FooterActions.kt gained notificationShadeBlur() branches and moved the text-button colours into FooterActionsDefaults.textButtonColors(); the port applies the same two substitutions as A14 (footer background -> Color.Transparent, text-button background -> Color.Transparent) at the new sites, leaving the blur branches intact."
231,patches_platform,frameworks_base,frameworks_base/0031-SystemUI-monet-Remove-unused-colorSchemeIsApplied.patch,SystemUI: monet: Remove unused colorSchemeIsApplied,UNCERTAIN,PORT (fallback),VERIFIED_HIGH,93,"Context-only rebase verified line by line. A normalised diff-of-diff against the A14 original shows the added/removed payload is identical; only upstream context drift differs. The reverted colorSchemeIsApplied block itself drifted upstream (MaterialDynamicColors ctor, mDarkColorScheme.getMaterialScheme()); the removal is complete and equivalent, and zero colorSchemeIsApplied references remain in the post-chain tree. Target: packages/SystemUI/.../theme/ThemeOverlayController.java."
232,patches_platform,frameworks_base,frameworks_base/0032-SystemUI-Follow-Dark-Light-theme-for-Safe-Mode-dialo.patch,SystemUI: Follow Dark/Light theme for Safe Mode dialog,UNCERTAIN,PORT (fallback),VERIFIED_HIGH,95,"Clean apply confirmed independently. The candidate's normalised diff body (index/@@ metadata stripped) is byte-identical to the A14 original in /root/port-los23-td/source-patches, whose sha256 matches PATCH_INDEX.sha256 and the canonical read-only L21 stack, so no rebase surface exists; the only deltas are git format-patch metadata and hunk offsets. Target services/core/.../power/ShutdownThread.java exists in the A16 baseline and `git apply --check` + `git am` succeed at the recorded position in the ordered chain."
233,patches_platform,frameworks_base,frameworks_base/0033-SystemUI-Follow-light-dark-theme-in-power-menu.patch,SystemUI: Follow light/dark theme in power menu,UNCERTAIN,PORT (fallback),VERIFIED_HIGH,92,"Partial port justified by direct inspection. The colours.xml halves of the A14 squash are obsolete: A16 has no global_actions_lite_background/_text colour entries at all; the power-menu background is res/drawable/global_actions_lite_background.xml using @androidprv:color/materialColorSurfaceContainerLow (theme-aware), referenced from global_actions_grid_lite.xml, global_actions_power_dialog_flow.xml, global_actions_toast.xml and GlobalActionsPowerDialog.java. Only global_actions_lite_button_background_focused and the emergency colours survive and are untouched. The retained half, the onUiModeChanged() hook that re-applies the theme and refreshes a showing dialog, is byte-identical to A14 and lands next to onConfigChanged in GlobalActionsDialogLite. The exported patch Subject was renamed to the second half of the A14 squashed subject ('Always refresh power menu on UI mode change'), matching what it now does; the filename is unchanged so apply order is unaffected."
234,patches_platform,frameworks_base,frameworks_base/0034-SystemUI-Re-evaluate-system-theme-on-UI-mode-change.patch,SystemUI: Re-evaluate system theme on UI mode change,UNCERTAIN,PORT (fallback),VERIFIED_HIGH,91,"Faithful constructor/listener port. The A16 ThemeOverlayController constructor gained uiModeManagerProvider/activityManager/SystemPropertiesHelper, so ConfigurationController was appended as the last parameter; the mConfigurationListener with onUiModeChanged -> reevaluateSystemTheme(true) and mConfigurationController.addCallback(...) in start() are identical to A14. Dagger risk checked: unqualified ConfigurationController is injected by numerous unmodified A16 SysUI-component classes (NavigationBarControllerImpl l.127, FragmentService l.67, SysuiColorExtractor l.55, common/ui/ConfigurationModule l.55), so the unqualified key is bound in the graph and the added parameter resolves exactly as those do."
235,patches_platform,frameworks_base,frameworks_base/0035-SystemUI-Fix-QS-header-clock-color.patch,SystemUI: Fix QS header clock color,UNCERTAIN,PORT (fallback),VERIFIED_HIGH,93,"Context-only rebase verified line by line. A normalised diff-of-diff against the A14 original shows the added/removed payload is identical; only upstream context drift differs. Clock.java import/context drift; onColorsChanged() and its two now-unused imports are removed, and grep shows no remaining caller of onColorsChanged anywhere in SystemUI. Target: packages/SystemUI/.../statusbar/policy/Clock.java."
236,patches_platform,frameworks_base,frameworks_base/0036-SystemUI-Calculate-paged-QS-tiles-height-properly.patch,SystemUI: Calculate paged QS tiles height properly,UNCERTAIN,PORT (fallback),VERIFIED_HIGH,95,"Clean apply confirmed independently. The candidate's normalised diff body (index/@@ metadata stripped) is byte-identical to the A14 original in /root/port-los23-td/source-patches, whose sha256 matches PATCH_INDEX.sha256 and the canonical read-only L21 stack, so no rebase surface exists; the only deltas are git format-patch metadata and hunk offsets. Target packages/SystemUI/.../qs/PagedTileLayout.java exists in the A16 baseline and `git apply --check` + `git am` succeed at the recorded position in the ordered chain."
237,patches_platform,frameworks_base,frameworks_base/0037-SystemUI-Remove-visibility-check-in-setting-QSCarrie.patch,SystemUI: Remove visibility check in setting QSCarrier,UNCERTAIN,PORT (fallback),VERIFIED_HIGH,92,"Drop confirmed: the method the fixup edits does not exist at A16. ShadeCarrier.updateColors(ColorStateList) is gone; icon tinting now happens inline in ShadeCarrier.updateState() (l.110-118) inside the upstream 'if (visible)' block where visible = state.visible && !isSingleCarrier, i.e. the very visibility condition the A14 fixup removed is now part of upstream state handling and removing it would tint hidden views. #229, which this patch fixes up, is itself dropped, so there is nothing to fix."
238,patches_platform,frameworks_base,frameworks_base/0038-SystemUI-Fix-QS-tile-dialog-background-color.patch,SystemUI: Fix QS tile dialog background color,UNCERTAIN,PORT (fallback),VERIFIED_HIGH,93,Context-only rebase verified line by line. A normalised diff-of-diff against the A14 original shows the added/removed payload is identical; only upstream context drift differs. The upstream line being replaced changed form (?androidprv:attr/ -> @androidprv:color/materialColorSurfaceBright); the replacement with @color/notification_divider_color is identical and that colour is defined in both values/ and values-night/. Target: packages/SystemUI/res/values/styles.xml.
239,patches_platform,frameworks_base,frameworks_base/0039-SystemUI-Use-proper-Resolver-background-color.patch,SystemUI: Use proper Resolver background color,UNCERTAIN,PORT (fallback),VERIFIED_HIGH,95,"Clean apply confirmed independently. The candidate's normalised diff body (index/@@ metadata stripped) is byte-identical to the A14 original in /root/port-los23-td/source-patches, whose sha256 matches PATCH_INDEX.sha256 and the canonical read-only L21 stack, so no rebase surface exists; the only deltas are git format-patch metadata and hunk offsets. Target core/res/res/values-night/themes_device_defaults.xml exists in the A16 baseline and `git apply --check` + `git am` succeed at the recorded position in the ordered chain."
240,patches_platform,frameworks_base,frameworks_base/0040-SystemUI-Follow-monet-theme-on-privacy-indicators.patch,SystemUI: Follow monet theme on privacy indicators,UNCERTAIN,PORT (fallback),VERIFIED_HIGH,93,Context-only rebase verified line by line. A normalised diff-of-diff against the A14 original shows the added/removed payload is identical; only upstream context drift differs. Context/formatting drift in OngoingPrivacyChip and colors.xml; the textColorPrimaryInverse tint and the privacy_chip_* colours are identical. Target: packages/SystemUI/res/values/colors.xml + privacy/OngoingPrivacyChip.kt.
241,patches_platform,frameworks_base,frameworks_base/0041-SystemUI-Follow-monet-theme-on-battery-chip.patch,SystemUI: Follow monet theme on battery chip,UNCERTAIN,PORT (fallback),VERIFIED_HIGH,93,"Context-only rebase verified line by line. A normalised diff-of-diff against the A14 original shows the added/removed payload is identical; only upstream context drift differs. BatteryStatusChip import/flag context drift (newStatusBarIcons -> NewStatusBarIcons); the updateColors(primary, secondary, primary) call and the statusbar_chip_bg rewrite are identical, BatteryMeterView.updateColors(int,int,int) exists at A16 and @color/privacy_chip_background resolves. Target: packages/SystemUI/res/drawable/statusbar_chip_bg.xml + statusbar/BatteryStatusChip.kt."
242,patches_platform,frameworks_base,frameworks_base/0042-ThemeOverlayController-Remove-repeated-monet-check.patch,ThemeOverlayController: Remove repeated monet check,UNCERTAIN,PORT (fallback),VERIFIED_HIGH,93,Context-only rebase verified line by line. A normalised diff-of-diff against the A14 original shows the added/removed payload is identical; only upstream context drift differs. Only a neighbouring comment/brace differs; removal of the repeated mIsMonetEnabled check is identical. Target: packages/SystemUI/.../theme/ThemeOverlayController.java.
243,patches_platform,frameworks_base,frameworks_base/0043-SystemUI-Use-color-accent-for-charging-animation.patch,SystemUI: Use color accent for charging animation,UNCERTAIN,PORT (fallback),VERIFIED_HIGH,95,"Clean apply confirmed independently. The candidate's normalised diff body (index/@@ metadata stripped) is byte-identical to the A14 original in /root/port-los23-td/source-patches, whose sha256 matches PATCH_INDEX.sha256 and the canonical read-only L21 stack, so no rebase surface exists; the only deltas are git format-patch metadata and hunk offsets. Target packages/SystemUI/res/values/styles.xml + charging/WirelessChargingLayout.java exists in the A16 baseline and `git apply --check` + `git am` succeed at the recorded position in the ordered chain."
244,patches_platform,frameworks_base,frameworks_base/0044-colors_device_defaults-Add-chroma-to-light-surface-h.patch,colors_device_defaults: Add chroma to light surface,UNCERTAIN,PORT (fallback),VERIFIED_HIGH,95,"Clean apply confirmed independently. The candidate's normalised diff body (index/@@ metadata stripped) is byte-identical to the A14 original in /root/port-los23-td/source-patches, whose sha256 matches PATCH_INDEX.sha256 and the canonical read-only L21 stack, so no rebase surface exists; the only deltas are git format-patch metadata and hunk offsets. Target core/res/res/values/colors_device_defaults.xml exists in the A16 baseline and `git apply --check` + `git am` succeed at the recorded position in the ordered chain."
245,patches_platform,frameworks_base,frameworks_base/0045-config_progress_background_tint-Use-accent-color-for.patch,config_progress_background_tint: Use accent color for,UNCERTAIN,PORT (fallback),VERIFIED_HIGH,95,"Clean apply confirmed independently. The candidate's normalised diff body (index/@@ metadata stripped) is byte-identical to the A14 original in /root/port-los23-td/source-patches, whose sha256 matches PATCH_INDEX.sha256 and the canonical read-only L21 stack, so no rebase surface exists; the only deltas are git format-patch metadata and hunk offsets. Target core/res/res/color/config_progress_background_tint.xml exists in the A16 baseline and `git apply --check` + `git am` succeed at the recorded position in the ordered chain."
246,patches_platform,packages_apps_SetupWizard,packages_apps_SetupWizard/0001-SetupWizard-Remove-step-for-changing-theme.patch,SetupWizard: Remove step for changing theme,UNCERTAIN,PORT (fallback),VERIFIED_HIGH,97,"Provenance confirmed (source sha256 9a57211d... matches PATCH_INDEX.sha256 and the canonical L21 copy). Candidate diff body is byte-identical to the A14 original; only git format-patch metadata and the recomputed wizard_script.xml hunk offset (@@ -112 -> @@ -140, upstream GMS actions added above the hunk) differ. Not obsolete upstream: the A16 baseline at 2d42f01 still contains lockscreen_settings -> theme_settings and the THEME_SETTINGS action in lineage_wizard_script.xml, lineage_wizard_script_user.xml and wizard_script.xml. Applies and am's cleanly first in the chain."
247,patches_treble,external_selinux,external_selinux/0001-Allow-conflict-on-iso9660-and-udf.patch,Allow conflict on iso9660 and udf,CORE-likely-RELEVANT,PORT,VERIFIED_HIGH,97,"Final patch of the chain; applies cleanly only after the full patches_treble_td 0001-0010 block, matching set_order 20 -> 40 and the build wrapper's set ordering. Final comparator identical to the A14 reference tree."
248,patches_treble,build_make,build_make/0001-Remove-init.vndk-nodef.rc.patch,Remove init.vndk-nodef.rc,CORE-likely-RELEVANT,PORT,VERIFIED_HIGH,95,"Faithful Android.mk to Android.bp migration of the A14 removal. The candidate deletes the prebuilt_etc module (Android.bp:58-63), its entry in the android_filesystem_defaults android_gsi_defaults deps list (Android.bp:116), the gsi_release.mk:54 PRODUCT_PACKAGES line, the init.gsi.rc import, and the init.vndk-nodef.rc file itself. Only the module kind/name differs from the 22-light version (android_system_image became android_filesystem_defaults / android_gsi_defaults), which I confirmed is the genuine A16 rename by reading the A16 file directly."
249,patches_treble,treble_app,treble_app/0001-Remove-Securize-2-2.patch,Remove Securize (2/2),OURS-ESSENTIAL,PORT (rebase to A16),VERIFIED_HIGH,97,"Independently re-verified on a fresh detached worktree at the recorded baseline 96acf04 (porter worktree not reused). Provenance chain is exact: source snapshot sha256 bf1afb67e934d125b08e2f54f60b7498486da51ea1137db0a11ea3a8f30d87c6 == PATCH_INDEX.sha256 == canonical lineage_patches_unified copy == our regenerated custom-rom-build/patches/treble_app copy; the candidate artifact 953dff07 is byte-identical to it except the 'From <sha>' header line that git am ignores, so the port is effectively the unmodified upstream-corrected patch with no rebase surface. git apply --check PASS then git am PASS (commit 11af4f5, 2 files changed, 4 insertions, 36 deletions - same stat as the A14 header), clean worktree, no .rej/.orig. Post-apply source is byte-identical to the A14 post-patch reference tree because treble_app is one unversioned master shared by both recipes and lineage21/treble_app sits at 3024f10 directly on top of the same 96acf04. Patch is not obsolete upstream: at baseline the key constant (MiscSettings.kt:24), the su-exec listener for /system/bin/phh-securize.sh (lines 64-93) and the clickable key_misc_securize row (pref_misc.xml:211-212) were all still live. No fix needed; candidate retained unchanged."
250,patches_treble,packages_apps_Aperture,packages_apps_Aperture/0001-Enable-Auxiliary-Cameras.patch,Enable Auxiliary Cameras,UNCERTAIN,PORT (fallback),VERIFIED_HIGH,97,"Provenance is exact: the snapshot patch sha256 fc7795fb80dfd739e458db0d5cd8f6affcf38d32aafbe30ae2c8dc253aff00bf matches PATCH_INDEX.sha256 and the canonical L21 stack file, the target project HEAD is the recorded baseline da03b6ae157396b3e4e64bfba581a96b8d142027, and the candidate artifact hash 7185012c1d30d79d506a2f04168bf4c23ccf5232c66a6e249b485e6eb3aee6f6 matches locally and remotely. Both the original A14 patch and the porter candidate apply cleanly with git apply --check plus git am on two independent fresh detached worktrees at the baseline, and the two resulting trees are byte-identical (diff -r), proving the candidate is a faithful re-export rather than a silent rewrite; the only textual deltas vs the original are the export commit id, the A16 blob index line and the git version trailer, with Subject, author, date and Change-Id I2bff41fcba4761666bbd0f4468a06ba89abfc033 preserved. The A16 baseline still ships config_enableAuxCameras=false so the patch is not obsolete upstream, and no RRO or overlay in device/phh/treble, vendor/lineage or vendor/hardware_overlay redefines the flag. The change is one build-time boolean resource with no code, API, permission, sysprop, sepolicy or build-system surface, and it is the only patch targeting this normalized repository."
251,patches_treble,vendor_lineage,vendor_lineage/0001-build_soong-Disable-generated_kernel_headers.patch,build_soong: Disable generated_kernel_headers,CORE-likely-RELEVANT,PORT,VERIFIED_HIGH,93,"The A16 lineage_generator 'generated_kernel_includes' keeps cmd/dep_root/dep_files but cmd became a multi-line bazel-aware string; the candidate removes cmd (both branches), dep_root and dep_files and keeps export_include_dirs, producing exactly the L21 end-state block (verified by reading the post-apply Android.bp)."
252,patches_treble,device_phh_treble,device_phh_treble/0001-treble-Lineage-ify.patch,treble: Lineage-ify,TD-GLUE-ESSENTIAL,PORT,VERIFIED_HIGH,96,"Context-only rebase confirmed. Normalised +/- payload diff against the A14 original (snapshot 8d2469db...260c) shows exactly one difference in the whole 57k-line patch: the removed context comment '#Charger image' vs upstream A16 '# Charger image'. All semantic hunks (lineage_* target rename, overlay-lineage + RRO exclusion, charger/ deletion incl. binaries, config_wallpaperCropperPackage removal, su in S variants) are byte-identical."
253,patches_treble,device_phh_treble,device_phh_treble/0002-treble-Set-BOARD_EXT4_SHARE_DUP_BLOCKS-explicitly.patch,treble: Set BOARD_EXT4_SHARE_DUP_BLOCKS explicitly,TD-GLUE-ESSENTIAL,PORT,VERIFIED_HIGH,97,"Candidate differs from original d62ee2e0...638c only in commit hash, [PATCH 2/8]->[PATCH] subject tag and git version trailer; payload identical."
254,patches_treble,device_phh_treble,device_phh_treble/0003-treble-Set-TARGET_NO_KERNEL_OVERRIDE.patch,treble: Set TARGET_NO_KERNEL_OVERRIDE,TD-GLUE-ESSENTIAL,PORT,VERIFIED_HIGH,97,"Candidate differs from original e6444b8e...ad5 only in commit hash, subject tag and git trailer; payload identical."
255,patches_treble,device_phh_treble,device_phh_treble/0004-treble-Enable-call-recording.patch,treble: Enable call recording,TD-GLUE-ESSENTIAL,PORT,VERIFIED_HIGH,96,"Candidate differs from original 94780877...1dd only in commit hash, subject tag and git trailer; payload identical (new Dialer callrecord config.xml)."
256,patches_treble,device_phh_treble,device_phh_treble/0005-treble-Switch-to-MindTheGapps.patch,treble: Switch to MindTheGapps,TD-GLUE-ESSENTIAL,PORT,VERIFIED_HIGH,96,"Payload identical to original df52bc3c...bd2 apart from hunk offsets shifted by 252's earlier insertion in generate.sh (@@ -66,11 -> @@ -72,11)."
257,patches_treble,device_phh_treble,device_phh_treble/0006-treble-Import-prebuilt-PHH-Superuser.patch,treble: Import prebuilt PHH Superuser,TD-GLUE-ESSENTIAL,PORT,VERIFIED_HIGH,96,"Payload identical to original 6b5aba2c...bf including the GIT binary patch. The materialised su/Superuser.apk hashes 8350033f83e9029256046b1ca64519e9192f2b4a3e5bb8fdef679bbd8002ca9d, byte-identical to the APK in the proven-working L21 tree."
258,patches_treble,device_phh_treble,device_phh_treble/0007-treble-Remove-Securize-1-2.patch,treble: Remove Securize (1/2),TD-GLUE-ESSENTIAL,PORT,VERIFIED_HIGH,95,"Semantic rebase verified line by line. The touched-file set matches the A14 original exactly (base.mk, files/ota.sh, phh-securize.sh deletion, rw-system.sh). The normalised +/- diff shows that every deviation is an ADDITIONAL DELETED line inside the same removed secure block (upstream-added ro.build.user/host, per-partition build.tags/build.type resetprops, and the /system/phh/empty -> /mnt/phh/empty rename). The set of ADDED lines is identical to the A14 original, so the surviving code is exactly the A14 post-patch shape."
259,patches_treble,device_phh_treble,device_phh_treble/0008-treble-Build-AOSP-hide-cutout-overlays.patch,treble: Build AOSP hide-cutout overlays,TD-GLUE-ESSENTIAL,PORT,VERIFIED_HIGH,96,"Payload identical to original d13e33b1...2ad; only the hunk offset moved (@@ -267,4 -> @@ -260,4) because earlier patches removed 7 lines from base.mk."
260,patches_treble,device_phh_treble,device_phh_treble/9001-model-allwinner-a523.patch,treble: Set PRODUCT_MODEL to Allwinner A523 (SoC naming),OURS-RETIRED,SKIP (cosmetic model dropped),VERIFIED_HIGH,97,"Special check satisfied: 9001 remains retired. No artifact exists in the porter output and none was created; the exported chain contains 10 patches with no 9001. Its single cosmetic hunk (PRODUCT_MODEL := Allwinner A523) is superseded by the fixed 9003 which sets PRODUCT_MODEL := C10, the true retail model per re-task/FINDINGS_identity.md section 1 and section 4."
261,patches_treble,device_phh_treble,device_phh_treble/9002-bake-debug-ca.patch,treble: bake bridge-inspect debug CA into system cacerts,OURS-ESSENTIAL,PORT (rebase to A16),VERIFIED_HIGH,93,"Special check satisfied. The candidate patch text has LF where the original had CRLF inside the CA body, but that is exactly git am's default --no-keep-cr mailsplit behaviour: the FILE materialised on A16 hashes 4bc604cfde8dc4d000f08d1cda51faedb144a4cb0e21833588cdb7b7420533a8, byte-identical to the cacerts/f74ca33f.0 shipped by the proven A14 build. openssl confirms a self-signed 'bridge-inspect Root CA' (O=android-research), SHA1 86:B9:9E:1F:E9:AC:A5:E8:5C:A7:16:FF:51:E6:41:DA:C2:9F:A3:E6, subject_hash_old f74ca33f matching the filename. No PRIVATE KEY appears anywhere in the patch."
262,patches_treble,device_phh_treble,device_phh_treble/9003-factory-identity-c10.patch,treble: restore FancyDay C10 factory identity (fingerprint +,OURS-ESSENTIAL,PORT (rebase to A16),FIXED_VERIFIED_HIGH,94,"The porter candidate (6af7c0c7...49) carried the A14 identity block verbatim and would have aborted the A16 build twice. (1) system/build.prop is Soong-generated on A16 (build/make/core/sysprop.mk:177-182) and build/soong/scripts/gen_build_prop.py:override_config() sys.exit(1)s on unknown PRODUCT_BUILD_PROP_OVERRIDES keys - executing the real function on the real collapse-prop-pairs output produced 'Key ""TARGET_BUILD_FINGERPRINT"" isn't a valid prop override'. (2) ro.product.system.{brand,manufacturer,device,name} are emitted non-optionally by generate_common_build_props(), so re-assigning them via PRODUCT_SYSTEM_DEFAULT_PROPERTIES made the real post_process_props.override_optional_props() report 'found duplicate sysprop assignments' for all four keys (BUILD_BROKEN_DUP_SYSPROP is not set anywhere in this configuration). Defect (2) is inherited from the A14 patch, i.e. the in-house patch had never been built. Both defects were fixed and the patch re-exported."
263,patches_treble,system_core,system_core/0001-Restore-sbin-for-Magisk-compatibility.patch,Restore /sbin for Magisk compatibility,OURS-ESSENTIAL,PORT (rebase to A16),FIXED_VERIFIED_HIGH,93,"Porter's rebase was structurally correct (rootdir/Android.mk -> rootdir/create_root_structure.mk:29 for the ramdisk mkdir list; CleanSpec hunk verbatim; fs_config rows at android_dirs:75, android_files:154 and :213; PATH export placed after ASEC_MOUNTPOINT because A16 replaced the EXPORT_GLOBAL placeholders with the init.environ.rc.gen Soong genrule at rootdir/Android.bp:235), and it matches AndyYan's own lineage-22-light relocation. HOWEVER it reused the stale A14 PATH literal, so I fixed it and re-exported the patch."
264,patches_platform_personal,build_make,build_make/0001-build-Integrate-prop-modifications-1-2.patch,build: Integrate prop modifications (1/2),CORE-likely-RELEVANT,PORT,FIXED_VERIFIED_HIGH,92,"Re-target and mechanics verified, one fix applied. tools/buildinfo.sh does not exist at A16; the A16 site is build/soong scripts/gen_build_prop.py, confirmed independently and by the AndyYan 22-light bridge, which the ported hunks match 1:1 except for two necessary differences (version literal; the else-branch shaped around patch 108 product branch). FIX: the hardcoded branding literal LineageOS 23.2 Self-built CGMod was de-personalized to LineageOS 23.2 Self-built in all three props - CGMod is the upstream author own build brand and PORT_TASK section 3 keeps the mechanism of personal patches, not the branding. The props cannot simply be dropped, because manifest 269 removes the vendor/lineage source of them. The patch was re-exported with author, Subject and Change-Id preserved and the deviation documented in the commit message."
265,patches_platform_personal,build_make,build_make/0002-build-Remove-Stk-1-2.patch,build: Remove Stk (1/2),UNCERTAIN,PORT (fallback),VERIFIED_HIGH,95,"Context-only rebase, logic identical: the Stk entry is unchanged at A16 generic_system.mk:36 and only the trailing context moved (A14 ifeq RELEASE_AVATAR_PICKER_APP became the A16 OTA support section). One deletion; author, Subject and Change-Id preserved. The 0002 to 0001 renumbering is safe: 264 left this project dir for build_soong, apply_patches.sh only orders patches within one project dir, and no other patch lands in patches_platform_personal/build_make."
266,patches_platform_personal,packages_apps_Nfc,packages_apps_Nfc/0001-NfcService-Disable-NFC-by-default.patch,NfcService: Disable NFC by default,UNCERTAIN,PORT (fallback),VERIFIED_HIGH,95,"Provenance confirmed: original patch sha256 740c3def995ef852a311b92af73700b16ccae80391ca9efa344141deca8828e7 identical in /root/port-los23-td/source-patches and canonical lineage_patches_unified; candidate artifact sha256 e9fe4301bed7035cec1b580ab4136c8d3a074e20011717757b12b47116770414 matches locally staged and remote copies. Retargeting validated independently: /root/custom_android/lineage23/packages/apps/Nfc does not exist and .repo/manifests/default.xml has no packages/apps/Nfc entry, while line 779 registers packages/modules/Nfc (LineageOS/android_packages_modules_Nfc) at the recorded baseline 393ad5d1. The A14 anchor NFC_ON_DEFAULT is absent from the whole A16 project (0 hits); the replacement default chain is NfcService.getNfcOnSetting() (NfcNci/src/com/android/nfc/NfcService.java:1057-1060) -> mDeviceConfigFacade.getNfcDefaultState() (DeviceConfigFacade.java:236) -> DeviceConfig(nfc, enable_nfc_default, R.bool.enable_nfc_default) (DeviceConfigFacade.java:41,103-106) -> NfcNci/res/values/config.xml:53. Flipping that resource to false is the correct and minimal A16 expression of the original one-line intent. Fresh detached worktree at the exact baseline: git apply --check PASS, git am PASS (commit 61339849c2ad0eb5b8c9128a6187600c4558ce07), resulting diff is exactly the single-line resource flip; config.xml remains well-formed XML with no duplicate bool names. No fix required."
267,patches_platform_personal,frameworks_opt_telephony,frameworks_opt_telephony/0001-Telephony-Disable-SPN-retrieval.patch,Telephony: Disable SPN retrieval,OEM/absent-hw,REVIEW (PORT if any doubt),VERIFIED_HIGH,95,"SKIPPED_IRRELEVANT re-derived from primary sources because the porter's 85 was below the gate. (1) The patch is in patches_platform_personal, and buildbot_unified.sh applies that set only when the explicit 'personal' argument flips PERSONAL=false (line 24, lines 32-34, lines 157-160); our documented recipe (BUILD_PLAYBOOK.md:113) is 'buildbot_unified.sh treble 64GN' with no personal token, so the patch would never be applied even if ported. (2) The working A14 reference repo HEAD is bc6e9aed46 'When reading SMSC, ignore invalid SMSC' (= treble_td 0014), proving the SPN commit was never applied in the build that runs flawlessly on the device. (3) Chain-safety is proven, not assumed: it is the only file in its project directory, there is no patches_treble_personal entry for this repository, and a stack-wide grep shows it is the only patch among all 306 that touches uicc/IccRecords.java; it is also last in apply order (set_order 35), so no later patch can depend on its context. (4) Reading the patch in full shows it also removes the mCarrierTestOverride fake-SPN path and the UiccProfile.getOperatorBrandOverride() precedence, a broader behaviour change than its cosmetic goal, so on a SIM-less device where it is a functional no-op either way, skipping is the less invasive and therefore preferable option."
268,patches_platform_personal,vendor_lineage,vendor_lineage/0001-Add-MotoHelloUINavbarOverlay-2-2.patch,Add MotoHelloUINavbarOverlay (2/2),OEM/absent-hw,REVIEW (PORT if any doubt),VERIFIED_HIGH,92,"Retarget TrebuchetOverlay -> Launcher3Overlay independently validated: same RRO targetPackage/isStatic/priority, bare runtime_resource_overlay that auto-globs res/**, target drawables present in A16 Launcher3 quickstep, and the RRO is shipped from config/common_mobile.mk exactly where L21 shipped TrebuchetOverlay. Patch body byte-identical to the original apart from the path substitution."
269,patches_platform_personal,vendor_lineage,vendor_lineage/0002-build-Integrate-prop-modifications-2-2.patch,build: Integrate prop modifications (2/2),CORE-likely-RELEVANT,PORT,VERIFIED_HIGH,92,"build/core/main_version.mk no longer exists at A16; grep proves config/version.mk:42-43 is the sole definition site of ro.lineage.version/ro.lineage.display.version in the whole tree and that ro.modversion is no longer set anywhere. The candidate removes exactly those two lines, keeps build.version/releasetype, and leaves valid makefile continuation syntax (verified post-apply)."
270,patches_platform_personal,vendor_lineage,vendor_lineage/0003-build-Remove-Stk-2-2.patch,build: Remove Stk (2/2),UNCERTAIN,PORT (fallback),VERIFIED_HIGH,96,Clean AM; candidate is byte-identical to the original except one blob index and the git trailer. Post-apply read confirms data_only.mk ends after the apns-conf.xml block and telephony.mk keeps 'messaging' with the trailing backslash correctly removed.
271,patches_platform_personal,vendor_lineage,vendor_lineage/0004-vendor_lineage-Ignore-neverallows.-again.patch,vendor_lineage: Ignore neverallows... again,UNCERTAIN,PORT (fallback),VERIFIED_HIGH,93,"Identical five-line block re-anchored in the same file at the same relative position (immediately before the qcom_target.mk include) after the A16 removal of the FRAMEWORK_LINEAGE_PLATFORM_API_FILE lines; top-level, not nested in any conditional, and the non-user guard is preserved. Effectiveness ordering was investigated and cleared rather than assumed."
272,patches_platform_personal,vendor_lineage,vendor_lineage/0005-vendor_lineage-Personal-theme-as-SRO.patch,vendor_lineage: Personal theme as SRO,UNCERTAIN,PORT (fallback),VERIFIED_HIGH,94,"Clean AM of 73 files; a full byte diff vs the original shows only the commit hash, subject tag, one blob index and the hunk offset. Post-apply config/common.mk registers vendor/lineage/overlay/personal in PRODUCT_ENFORCE_RRO_EXCLUDED_OVERLAYS and PRODUCT_PACKAGE_OVERLAYS exactly as at L21, leaving the unrelated overlay/common and overlay/no-rro entries intact."
273,patches_platform_personal,packages_modules_NetworkStack,packages_modules_NetworkStack/0001-Replace-captive-portal-URLs-globally.patch,Replace captive portal URLs globally,UNCERTAIN,PORT (fallback),VERIFIED_HIGH,97,"Porter SKIPPED_IRRELEVANT is upheld and strengthened. Provenance exact: snapshot patch sha256 9748f37d22ef27d15db4b2d8564e88cc0b6fdda8ba0cdd5a530118590b9e72ef matches PATCH_INDEX.sha256 and the canonical lineage_patches_unified copy byte-for-byte; manifest row 273 matches the job packet; baseline confirmed 853cb402bf02cd935d06d42c1155b0023eabd3e6 (android-16.0.0_r4, m/lineage-23.2) with a clean tree. Patch content read in full and matches the characterization exactly: AndyYan commit b09034c7 (2021-10-16) deletes res/values-mcc460/config.xml (AOSP China-SIM overlay) and hard-codes http(s)://conn4.coloros.com/generate204 plus a single http://connect.rom.miui.com/generate_204 fallback into the three global default_captive_portal_* resources, with no code, build, manifest or RRO-hook changes. Decisive relevance evidence beyond PORT_TASK section 3 policy: lineage_build_unified/buildbot_unified.sh applies patches_platform_personal and patches_MODE_personal only when the CLI token personal is passed (which also forces SIGNABLE=false), and the known-working C10 recipe is buildbot_unified.sh treble 64GN (BUILD_PLAYBOOK.md lines 113/116) with no such token, so the flawless L21 C10 image never contained this patch; skipping preserves exact parity with the known-good configuration while porting would be the behavior change. On the merits the patch has no generic value here: with no SIM AOSP already uses the global connectivitycheck.gstatic.com and www.google.com/generate_204 defaults, so routing every network-validation probe of a modem-less, SIM-less, US-market Wi-Fi tablet to Chinese OEM servers is a reliability and privacy regression; and the mcc460 deletion is pointless because A16 sets config_no_sim_card_uses_neighbor_mcc=false, making that qualifier unselectable on a device with no modem. The skip is structurally safe: ID 273 is the only patch in the whole stack touching packages/modules/NetworkStack and the only manifest row for this normalized repo."
274,patches_platform_personal,packages_modules_Permission,packages_modules_Permission/0001-Disable-Safety-Center-Tile.patch,Disable Safety Center Tile,UNCERTAIN,PORT (fallback),VERIFIED_HIGH,97,"Candidate accepted unmodified; no fix required. Provenance is exact: original patch sha256 c02e5fac593f56a3ab0a6e28317db199cbea367f0f579f144cbc2cc9cad5a660 is identical in /root/port-los23-td/source-patches, PATCH_INDEX.sha256 and the canonical L21 lineage_patches_unified; target project HEAD equals the recorded baseline ee30155a8872cd022b5b7fb1983fdcf09e752723 and is contained in github/lineage-23.2; candidate artifact sha256 a588b84559a2af217b8c6979583241ccc8e69fd4290dfbcb658c13d22966684a matches on the local job dir and the remote port-1 workdir. Row 274 is the only manifest row normalizing to packages/modules/Permission, so there is no intra-project ordering to satisfy. The removal target still exists at A16 (manifest line 622 pre-apply, plus PermissionController/src/com/android/permissioncontroller/permission/service/v33/SafetyCenterQsTileService.kt), so DROPPED_OBSOLETE would have been wrong and the porter's retention is correct. Retention of this personal-set patch is validated independently: it is device-agnostic (no Allwinner/A523, HAL, VNDK, telephony, fingerprint or foreign-OEM coupling), purely cosmetic, trivially reversible, and paired with manifest row 295 (frameworks_base 0018 quick-settings reconfiguration) which is also being ported; relevance is UNCERTAIN rather than proven-irrelevant, so PORT_TASK section 5 and the verification brief mandate retention. The residual 3 confidence points reflect only the inherited, A14-identical setComponentEnabledSetting tail path recorded in downstream_risks, which is a property of AndyYan's original patch already shipped in our working LineageOS 21 build rather than a porting defect; it does not warrant research routing."
275,patches_platform_personal,lineage-sdk,lineage-sdk/0001-sdk-I-have-Trust-issues.patch,sdk: I have Trust issues,UNCERTAIN,PORT (fallback),VERIFIED_HIGH,95,"Provenance clean: original sha256 03373103... identical in canonical stack and snapshot; candidate artifact 1fdd56f1... identical local vs remote. Reapplied second on the same fresh worktree: git apply --check clean, git am clean (commit 53a3cb3f). Strict diff of the full stripped hunk bodies vs the A14 original shows all 29 removed lines byte-identical (only the patch-file separator line differs). The A16 baseline text of both touched regions is character-identical to A14 (compared against the read-only L21 tree), so this is a pure context-offset port (old L87/L338 -> new L77/L328), not a disguised rebase. Not upstream at A16. Post-apply there are zero dangling references (mReceiver, registerLocaleChangedReceiver, ACTION_LOCALE_CHANGED all gone), braces balance 51/51, and the only side effect is that postOnBoardingNotification() becomes an unused private method, which is not a build error (javac has no unused-method diagnostic; Error Prone is not wired in a default build per build/soong/java/config/error_prone.go, and lineage-sdk/Android.bp adds no -Werror/errorprone block). Independent re-export reproduces the candidate byte-for-byte. Confidence held at 95 rather than 97 only because this is an AndyYan personal-set preference patch that was NOT applied in our known-good L21 build, so it is new (though purely suppressive and reversible) behavior for this device."
276,patches_platform_personal,packages_apps_ThemePicker,packages_apps_ThemePicker/0001-Keyguard-Default-to-small-clock-3-3.patch,Keyguard: Default to small clock (3/3),UNCERTAIN,PORT (fallback),VERIFIED_HIGH,97,"Provenance fully validated: source patch sha256 ea389731eb... matches PATCH_INDEX.sha256 and the canonical read-only L21 stack; candidate artifact sha256 6471ce58... matches in both the local job dir and the remote porter export; baseline 176ec557b9e1... equals the m/lineage-23.2 and github/lineage-23.2 tips. On a brand-new detached worktree at that baseline (porter worktree not reused) git apply --check returned rc 0 and git am applied cleanly (commit 3abaa6e52ff5ac8081dd8b22f0f935cf098a83c9, 1 file changed, 2 insertions, 2 deletions). Strongest fidelity evidence obtained: applying the UNMODIFIED A14 original to the same baseline succeeds at offset +59 lines, and diff -r --exclude=.git between the candidate-applied tree and the original-patch-applied tree is TREES_IDENTICAL, so the candidate is a pure format-patch re-export rather than a re-implementation. Not obsolete upstream (A16 baseline still had DEFAULT_CLOCK_SIZE = 1 at line 257). No fix needed; porter artifact accepted unchanged."
277,patches_platform_personal,packages_apps_DeskClock,packages_apps_DeskClock/0001-DeskClock-Adapt-app-and-daydream-clocks-to-keyguard-.patch,DeskClock: Adapt app and daydream clocks to keyguard style,UNCERTAIN,PORT (fallback),VERIFIED_HIGH,97,"Independently reproduced on a fresh detached worktree of packages/apps/DeskClock at the recorded baseline 86b8c631886ca7981bacc3097fe784207de40b7f (lineage-23.2 / android-16.0.0_r4). Provenance validated: the source snapshot patch and the canonical lineage_patches_unified copy are the same file (sha256 5bec99fe71867a17425a26a2bc973f6203c64783ed2d378f11f718e8b33e5905, matching PATCH_INDEX.sha256), and the porter artifact sha256 695cc955be4bdac45c13761b4a73254f02b0c961a9be28a1a7609d4b77b41a8e is identical remote and local. The candidate artifact is a pure git format-patch re-export: normalized diff bodies of original vs candidate differ only in the git version trailer (2.34.1 vs 2.43.0), blob index lines and hunk start offsets; every +/- content line is identical. Decisive equivalence test: applying the candidate on a fresh baseline worktree and applying the UNMODIFIED A14 original on a second fresh baseline worktree produce bit-identical result trees (both 89ae0d478e805192562d6780bb965039684129e6), so CLEAN_AM is accurate, no rebase occurred and no semantic drift is possible. Five of the eleven touched files (date_and_next_alarm_time.xml, desk_clock_saver.xml, main_clock_frame.xml, screensaver_settings.xml, AlarmUtils.java) are byte-identical between the L21 A14 tree and the A16 baseline, and the other six differ only by unrelated surrounding content, which is why offsets shifted but context matched. Device relevance: DeskClock is a pure-userspace system app with no coupling to Allwinner A523 hardware, VNDK, HIDL, SELinux or build-system behavior; the change is cosmetic only, so it is harmless for the C10 regardless of taste."
278,patches_platform_personal,frameworks_base,frameworks_base/0001-Add-MotoHelloUINavbarOverlay-1-2.patch,Add MotoHelloUINavbarOverlay (1/2),OEM/absent-hw,REVIEW (PORT if any doubt),VERIFIED_HIGH,93,"Personal-set skip verified against its cross-repo counterpart #268 (vendor/lineage, retained VERIFIED_HIGH 92) rather than by filename. #278 is fully self-contained: it creates packages/overlays/MotoHelloUINavbarOverlay (Android.bp, AndroidManifest.xml, three vector drawables) and adds one line to the frameworks-base-overlays phony in packages/overlays/Android.bp. A tree-wide grep shows MotoHelloUINavbarOverlay is referenced by no product makefile and by no other patch in the 306-patch stack, so skipping leaves no dangling PRODUCT_PACKAGES/required entry and #268 (which only adds the same three drawables to the launcher RRO) still applies and builds on its own. Restoring it would be actively undesirable here: the overlay manifest is android:isStatic=true with priority 1337 targeting com.android.systemui, i.e. it would unconditionally replace our navbar icons with Motorola-style icons."
279,patches_platform_personal,frameworks_base,frameworks_base/0002-Disable-Bluetooth-by-default.patch,Disable Bluetooth by default,UNCERTAIN,PORT (fallback),VERIFIED_HIGH,94,"Personal-set skip verified on payload, not filename: 'Disable Bluetooth by default' is a self-contained cosmetic/preference change inside frameworks/base with no cross-repo module, PRODUCT_PACKAGES or dependency effect (diffstat and hunks reviewed). Two independent reasons make the skip safe: (a) buildbot_unified.sh only runs `apply_patches patches_platform_personal` when the 'personal' flag is passed, and our recipe (`buildbot_unified.sh treble 64GN`) never passes it, so the proven-good A14 C10 build never contained it either; (b) the whole personal frameworks/base directory is skipped consistently, and the set is applied as its own apply_patches invocation after patches_platform, so no hunk context of a retained patch is affected - proven by the 89/89 cumulative apply."
280,patches_platform_personal,frameworks_base,frameworks_base/0003-Disable-cursor-drag-by-default-for-editable-TextView.patch,Disable cursor drag by default for editable TextViews,UNCERTAIN,PORT (fallback),VERIFIED_HIGH,94,"Personal-set skip verified on payload, not filename: 'Disable cursor drag by default for editable TextViews' is a self-contained cosmetic/preference change inside frameworks/base with no cross-repo module, PRODUCT_PACKAGES or dependency effect (diffstat and hunks reviewed). Two independent reasons make the skip safe: (a) buildbot_unified.sh only runs `apply_patches patches_platform_personal` when the 'personal' flag is passed, and our recipe (`buildbot_unified.sh treble 64GN`) never passes it, so the proven-good A14 C10 build never contained it either; (b) the whole personal frameworks/base directory is skipped consistently, and the set is applied as its own apply_patches invocation after patches_platform, so no hunk context of a retained patch is affected - proven by the 89/89 cumulative apply."
281,patches_platform_personal,frameworks_base,frameworks_base/0004-Disable-RESTRICTED-bucket-toast.patch,"Disable ""RESTRICTED bucket"" toast",UNCERTAIN,PORT (fallback),VERIFIED_HIGH,94,"Personal-set skip verified on payload, not filename: 'Disable ""RESTRICTED bucket"" toast' is a self-contained cosmetic/preference change inside frameworks/base with no cross-repo module, PRODUCT_PACKAGES or dependency effect (diffstat and hunks reviewed). Two independent reasons make the skip safe: (a) buildbot_unified.sh only runs `apply_patches patches_platform_personal` when the 'personal' flag is passed, and our recipe (`buildbot_unified.sh treble 64GN`) never passes it, so the proven-good A14 C10 build never contained it either; (b) the whole personal frameworks/base directory is skipped consistently, and the set is applied as its own apply_patches invocation after patches_platform, so no hunk context of a retained patch is affected - proven by the 89/89 cumulative apply."
282,patches_platform_personal,frameworks_base,frameworks_base/0005-Disable-wake-on-gamepad-L-R-keys.patch,Disable wake on gamepad L/R keys,UNCERTAIN,PORT (fallback),VERIFIED_HIGH,94,"Personal-set skip verified on payload, not filename: 'Disable wake on gamepad L/R keys' is a self-contained cosmetic/preference change inside frameworks/base with no cross-repo module, PRODUCT_PACKAGES or dependency effect (diffstat and hunks reviewed). Two independent reasons make the skip safe: (a) buildbot_unified.sh only runs `apply_patches patches_platform_personal` when the 'personal' flag is passed, and our recipe (`buildbot_unified.sh treble 64GN`) never passes it, so the proven-good A14 C10 build never contained it either; (b) the whole personal frameworks/base directory is skipped consistently, and the set is applied as its own apply_patches invocation after patches_platform, so no hunk context of a retained patch is affected - proven by the 89/89 cumulative apply."
283,patches_platform_personal,frameworks_base,frameworks_base/0006-Keyguard-Adjust-clock-style.patch,Keyguard: Adjust clock style,UNCERTAIN,PORT (fallback),VERIFIED_HIGH,94,"Personal-set skip verified on payload, not filename: 'Keyguard: Adjust clock style' is a self-contained cosmetic/preference change inside frameworks/base with no cross-repo module, PRODUCT_PACKAGES or dependency effect (diffstat and hunks reviewed). Two independent reasons make the skip safe: (a) buildbot_unified.sh only runs `apply_patches patches_platform_personal` when the 'personal' flag is passed, and our recipe (`buildbot_unified.sh treble 64GN`) never passes it, so the proven-good A14 C10 build never contained it either; (b) the whole personal frameworks/base directory is skipped consistently, and the set is applied as its own apply_patches invocation after patches_platform, so no hunk context of a retained patch is affected - proven by the 89/89 cumulative apply."
284,patches_platform_personal,frameworks_base,frameworks_base/0007-Keyguard-Hide-padlock-unless-UDFPS-is-in-use.patch,Keyguard: Hide padlock unless UDFPS is in use,OEM/absent-hw,REVIEW (PORT if any doubt),VERIFIED_HIGH,94,"Personal-set skip verified on payload, not filename: 'Keyguard: Hide padlock unless UDFPS is in use' is a self-contained cosmetic/preference change inside frameworks/base with no cross-repo module, PRODUCT_PACKAGES or dependency effect (diffstat and hunks reviewed). Two independent reasons make the skip safe: (a) buildbot_unified.sh only runs `apply_patches patches_platform_personal` when the 'personal' flag is passed, and our recipe (`buildbot_unified.sh treble 64GN`) never passes it, so the proven-good A14 C10 build never contained it either; (b) the whole personal frameworks/base directory is skipped consistently, and the set is applied as its own apply_patches invocation after patches_platform, so no hunk context of a retained patch is affected - proven by the 89/89 cumulative apply."
285,patches_platform_personal,frameworks_base,frameworks_base/0008-Keyguard-Default-to-small-clock-1-3.patch,Keyguard: Default to small clock (1/3),UNCERTAIN,PORT (fallback),FIXED_VERIFIED_HIGH,91,"Restored to make the retained cross-repo halves coherent. #285 is a one-line change of core/res/res/values/config.xml config_doublelineClockDefault 1 -> 0; the integer still exists at A16 (l.1518-1521) with the same doc comment, so the patch is a clean context rebase. Its counterparts #276 (packages/apps/ThemePicker DEFAULT_CLOCK_SIZE 1 -> 0) and #277 (DeskClock) are already retained at VERIFIED_HIGH, and without the framework half ThemePicker would report 'small' as the stored default while the framework default stayed double-line. The exported patch is inert for our shipping build (buildbot_unified.sh only applies patches_platform_personal when the 'personal' flag is passed, which our recipe never does), so restoring it carries no risk for the C10 while making a personal build self-consistent."
286,patches_platform_personal,frameworks_base,frameworks_base/0009-Keyguard-Refine-indication-text.patch,Keyguard: Refine indication text,UNCERTAIN,PORT (fallback),VERIFIED_HIGH,94,"Personal-set skip verified on payload, not filename: 'Keyguard: Refine indication text' is a self-contained cosmetic/preference change inside frameworks/base with no cross-repo module, PRODUCT_PACKAGES or dependency effect (diffstat and hunks reviewed). Two independent reasons make the skip safe: (a) buildbot_unified.sh only runs `apply_patches patches_platform_personal` when the 'personal' flag is passed, and our recipe (`buildbot_unified.sh treble 64GN`) never passes it, so the proven-good A14 C10 build never contained it either; (b) the whole personal frameworks/base directory is skipped consistently, and the set is applied as its own apply_patches invocation after patches_platform, so no hunk context of a retained patch is affected - proven by the 89/89 cumulative apply."
287,patches_platform_personal,frameworks_base,frameworks_base/0010-Keyguard-UI-Fix-status-bar-quick-settings-margins-an.patch,Keyguard/UI: Fix status bar / quick settings margins,UNCERTAIN,PORT (fallback),VERIFIED_HIGH,94,"Personal-set skip verified on payload, not filename: 'Keyguard/UI: Fix status bar / quick settings margins' is a self-contained cosmetic/preference change inside frameworks/base with no cross-repo module, PRODUCT_PACKAGES or dependency effect (diffstat and hunks reviewed). Two independent reasons make the skip safe: (a) buildbot_unified.sh only runs `apply_patches patches_platform_personal` when the 'personal' flag is passed, and our recipe (`buildbot_unified.sh treble 64GN`) never passes it, so the proven-good A14 C10 build never contained it either; (b) the whole personal frameworks/base directory is skipped consistently, and the set is applied as its own apply_patches invocation after patches_platform, so no hunk context of a retained patch is affected - proven by the 89/89 cumulative apply."
288,patches_platform_personal,frameworks_base,frameworks_base/0011-Revert-SystemUI-Add-left-padding-for-keyguard-slices.patch,"Revert ""SystemUI: Add left padding for keyguard slices""",UNCERTAIN,PORT (fallback),VERIFIED_HIGH,94,"Personal-set skip verified on payload, not filename: 'Revert ""SystemUI: Add left padding for keyguard slices""' is a self-contained cosmetic/preference change inside frameworks/base with no cross-repo module, PRODUCT_PACKAGES or dependency effect (diffstat and hunks reviewed). Two independent reasons make the skip safe: (a) buildbot_unified.sh only runs `apply_patches patches_platform_personal` when the 'personal' flag is passed, and our recipe (`buildbot_unified.sh treble 64GN`) never passes it, so the proven-good A14 C10 build never contained it either; (b) the whole personal frameworks/base directory is skipped consistently, and the set is applied as its own apply_patches invocation after patches_platform, so no hunk context of a retained patch is affected - proven by the 89/89 cumulative apply."
289,patches_platform_personal,frameworks_base,frameworks_base/0012-Revert-SystemUI-Match-keyguard-carrier-text-font-wit.patch,"Revert ""SystemUI: Match keyguard carrier text font with",UNCERTAIN,PORT (fallback),VERIFIED_HIGH,94,"Personal-set skip verified on payload, not filename: 'Revert ""SystemUI: Match keyguard carrier text font with' is a self-contained cosmetic/preference change inside frameworks/base with no cross-repo module, PRODUCT_PACKAGES or dependency effect (diffstat and hunks reviewed). Two independent reasons make the skip safe: (a) buildbot_unified.sh only runs `apply_patches patches_platform_personal` when the 'personal' flag is passed, and our recipe (`buildbot_unified.sh treble 64GN`) never passes it, so the proven-good A14 C10 build never contained it either; (b) the whole personal frameworks/base directory is skipped consistently, and the set is applied as its own apply_patches invocation after patches_platform, so no hunk context of a retained patch is affected - proven by the 89/89 cumulative apply."
290,patches_platform_personal,frameworks_base,frameworks_base/0013-Revert-Update-RAT-icons-to-match-Silk-design.patch,"Revert ""Update RAT icons to match Silk design""",UNCERTAIN,PORT (fallback),VERIFIED_HIGH,94,"Personal-set skip verified on payload, not filename: 'Revert ""Update RAT icons to match Silk design""' is a self-contained cosmetic/preference change inside frameworks/base with no cross-repo module, PRODUCT_PACKAGES or dependency effect (diffstat and hunks reviewed). Two independent reasons make the skip safe: (a) buildbot_unified.sh only runs `apply_patches patches_platform_personal` when the 'personal' flag is passed, and our recipe (`buildbot_unified.sh treble 64GN`) never passes it, so the proven-good A14 C10 build never contained it either; (b) the whole personal frameworks/base directory is skipped consistently, and the set is applied as its own apply_patches invocation after patches_platform, so no hunk context of a retained patch is affected - proven by the 89/89 cumulative apply."
291,patches_platform_personal,frameworks_base,frameworks_base/0014-Revert-Use-the-default-top-clock-margin-on-h800-devi.patch,"Revert ""Use the default top clock margin on h800",UNCERTAIN,PORT (fallback),VERIFIED_HIGH,94,"Personal-set skip verified on payload, not filename: 'Revert ""Use the default top clock margin on h800' is a self-contained cosmetic/preference change inside frameworks/base with no cross-repo module, PRODUCT_PACKAGES or dependency effect (diffstat and hunks reviewed). Two independent reasons make the skip safe: (a) buildbot_unified.sh only runs `apply_patches patches_platform_personal` when the 'personal' flag is passed, and our recipe (`buildbot_unified.sh treble 64GN`) never passes it, so the proven-good A14 C10 build never contained it either; (b) the whole personal frameworks/base directory is skipped consistently, and the set is applied as its own apply_patches invocation after patches_platform, so no hunk context of a retained patch is affected - proven by the 89/89 cumulative apply."
292,patches_platform_personal,frameworks_base,frameworks_base/0015-UI-Always-render-into-cutouts.patch,UI: Always render into cutouts,CORE-likely-RELEVANT,PORT,VERIFIED_HIGH,92,"Skip verified on payload despite the CORE-likely-RELEVANT first-pass guess. The patch deletes 19 lines of cutout-inset handling from core/java/android/view/InsetsState.java and adds always-render-into-cutout behaviour in QuickSettingsController and DisplayPolicy - a generic behaviour change, not a device fix. The C10 panel has no display cutout, so the only effect would be to alter generic inset computation for no benefit; the known-good A14 C10 build also never applied it (personal set, gated behind the buildbot 'personal' flag). Retained #201 (DisplayCutoutEmulationNoneOverlay) is the cutout-related patch we actually rely on and is unaffected."
293,patches_platform_personal,frameworks_base,frameworks_base/0016-UI-Kill-rounded-corners-in-notification-scrim.patch,UI: Kill rounded corners in notification scrim,UNCERTAIN,PORT (fallback),VERIFIED_HIGH,94,"Personal-set skip verified on payload, not filename: 'UI: Kill rounded corners in notification scrim' is a self-contained cosmetic/preference change inside frameworks/base with no cross-repo module, PRODUCT_PACKAGES or dependency effect (diffstat and hunks reviewed). Two independent reasons make the skip safe: (a) buildbot_unified.sh only runs `apply_patches patches_platform_personal` when the 'personal' flag is passed, and our recipe (`buildbot_unified.sh treble 64GN`) never passes it, so the proven-good A14 C10 build never contained it either; (b) the whole personal frameworks/base directory is skipped consistently, and the set is applied as its own apply_patches invocation after patches_platform, so no hunk context of a retained patch is affected - proven by the 89/89 cumulative apply."
294,patches_platform_personal,frameworks_base,frameworks_base/0017-UI-Reconfigure-power-menu-items.patch,UI: Reconfigure power menu items,UNCERTAIN,PORT (fallback),VERIFIED_HIGH,94,"Personal-set skip verified on payload, not filename: 'UI: Reconfigure power menu items' is a self-contained cosmetic/preference change inside frameworks/base with no cross-repo module, PRODUCT_PACKAGES or dependency effect (diffstat and hunks reviewed). Two independent reasons make the skip safe: (a) buildbot_unified.sh only runs `apply_patches patches_platform_personal` when the 'personal' flag is passed, and our recipe (`buildbot_unified.sh treble 64GN`) never passes it, so the proven-good A14 C10 build never contained it either; (b) the whole personal frameworks/base directory is skipped consistently, and the set is applied as its own apply_patches invocation after patches_platform, so no hunk context of a retained patch is affected - proven by the 89/89 cumulative apply."
295,patches_platform_personal,frameworks_base,frameworks_base/0018-UI-Reconfigure-quick-settings-tiles.patch,UI: Reconfigure quick settings tiles,UNCERTAIN,PORT (fallback),VERIFIED_HIGH,93,"Skip verified including the #274 pairing. #295 is a one-line replacement of SystemUI quick_settings_tiles_default with AndyYan's personal list 'wifi,cell,hotspot,location,rotation,flashlight'. Porting it would be actively wrong for this device: it would put cell and hotspot tiles in the default QS layout of a modem-less tablet and drop internet/bt/flashlight ordering that upstream provides. Its loose counterpart #274 (packages/modules/Permission, retained) only deletes the SafetyCenterQsTileService <service> declaration from PermissionController's manifest; it does not depend on the SystemUI default-tile string. With #274 applied and #295 skipped the default list still names custom(com.android.permissioncontroller/...SafetyCenterQsTileService), but A16 resolves custom tiles through InstalledTilesComponentRepository/QSHost and silently drops entries whose component is not installed/enabled, so the entry is inert rather than fatal. Both rows are personal-set and never applied by our recipe anyway."
296,patches_platform_personal,frameworks_base,frameworks_base/0019-UI-Relax-requirement-for-HINT_SUPPORTS_DARK_TEXT.patch,UI: Relax requirement for HINT_SUPPORTS_DARK_TEXT,UNCERTAIN,PORT (fallback),VERIFIED_HIGH,94,"Personal-set skip verified on payload, not filename: 'UI: Relax requirement for HINT_SUPPORTS_DARK_TEXT' is a self-contained cosmetic/preference change inside frameworks/base with no cross-repo module, PRODUCT_PACKAGES or dependency effect (diffstat and hunks reviewed). Two independent reasons make the skip safe: (a) buildbot_unified.sh only runs `apply_patches patches_platform_personal` when the 'personal' flag is passed, and our recipe (`buildbot_unified.sh treble 64GN`) never passes it, so the proven-good A14 C10 build never contained it either; (b) the whole personal frameworks/base directory is skipped consistently, and the set is applied as its own apply_patches invocation after patches_platform, so no hunk context of a retained patch is affected - proven by the 89/89 cumulative apply."
297,patches_platform_personal,frameworks_base,frameworks_base/0020-UI-Remove-privacy-dot.patch,UI: Remove privacy dot,UNCERTAIN,PORT (fallback),VERIFIED_HIGH,94,"Personal-set skip verified on payload, not filename: 'UI: Remove privacy dot' is a self-contained cosmetic/preference change inside frameworks/base with no cross-repo module, PRODUCT_PACKAGES or dependency effect (diffstat and hunks reviewed). Two independent reasons make the skip safe: (a) buildbot_unified.sh only runs `apply_patches patches_platform_personal` when the 'personal' flag is passed, and our recipe (`buildbot_unified.sh treble 64GN`) never passes it, so the proven-good A14 C10 build never contained it either; (b) the whole personal frameworks/base directory is skipped consistently, and the set is applied as its own apply_patches invocation after patches_platform, so no hunk context of a retained patch is affected - proven by the 89/89 cumulative apply."
298,patches_platform_personal,frameworks_base,frameworks_base/0021-UI-Restore-quick-settings-fonts-to-pre-T-QPR2.patch,UI: Restore quick settings fonts to pre-T-QPR2,UNCERTAIN,PORT (fallback),VERIFIED_HIGH,94,"Personal-set skip verified on payload, not filename: 'UI: Restore quick settings fonts to pre-T-QPR2' is a self-contained cosmetic/preference change inside frameworks/base with no cross-repo module, PRODUCT_PACKAGES or dependency effect (diffstat and hunks reviewed). Two independent reasons make the skip safe: (a) buildbot_unified.sh only runs `apply_patches patches_platform_personal` when the 'personal' flag is passed, and our recipe (`buildbot_unified.sh treble 64GN`) never passes it, so the proven-good A14 C10 build never contained it either; (b) the whole personal frameworks/base directory is skipped consistently, and the set is applied as its own apply_patches invocation after patches_platform, so no hunk context of a retained patch is affected - proven by the 89/89 cumulative apply."
299,patches_platform_personal,frameworks_base,frameworks_base/0022-UI-Revert-to-HSL-luminance-for-wallpaper-dark-hints.patch,UI: Revert to HSL luminance for wallpaper dark hints,UNCERTAIN,PORT (fallback),VERIFIED_HIGH,94,"Personal-set skip verified on payload, not filename: 'UI: Revert to HSL luminance for wallpaper dark hints' is a self-contained cosmetic/preference change inside frameworks/base with no cross-repo module, PRODUCT_PACKAGES or dependency effect (diffstat and hunks reviewed). Two independent reasons make the skip safe: (a) buildbot_unified.sh only runs `apply_patches patches_platform_personal` when the 'personal' flag is passed, and our recipe (`buildbot_unified.sh treble 64GN`) never passes it, so the proven-good A14 C10 build never contained it either; (b) the whole personal frameworks/base directory is skipped consistently, and the set is applied as its own apply_patches invocation after patches_platform, so no hunk context of a retained patch is affected - proven by the 89/89 cumulative apply."
300,patches_platform_personal,packages_apps_Trebuchet,packages_apps_Trebuchet/0001-Trebuchet-Make-overview-scrim-transparent-again.patch,Trebuchet: Make overview scrim transparent again,UNCERTAIN,PORT (fallback),VERIFIED_HIGH,94,"Provenance clean (source sha256 86b034d3...a72c identical in /root/port-los23-td/source-patches and canonical lineage21/lineage_patches_unified; candidate local sha256 == remote port-1/out copy). Re-targeting validated: packages/apps/Trebuchet is absent from lineage-23.2, .repo/manifests/default.xml:722 registers packages/apps/Launcher3 = LineageOS/android_packages_apps_Launcher3 (the renamed Trebuchet fork - it still ships res/values/lineage_strings.xml, the only 'Trebuchet' hit in the tree, and all nine patched paths exist 1:1). apply_patches.sh maps the artifact dir packages_apps_Launcher3 to packages/apps/Launcher3 automatically via 'tr _ /', so no orchestrator special-casing is needed. The original patch fails git apply --check on the baseline (styles.xml:227, RecentsView.java:813, overview_button.xml:3), so REBASED is justified; the rebase is 1:1 in intent for all nine files. No fix required."
301,patches_platform_personal,packages_apps_Trebuchet,packages_apps_Trebuchet/0002-Trebuchet-Kill-haptics-in-recents.patch,Trebuchet: Kill haptics in recents,UNCERTAIN,PORT (fallback),VERIFIED_HIGH,92,"Provenance clean (source sha256 5df3b91f...a83f matches the canonical stack; candidate local == remote). The original fails git apply --check on the baseline (TaskViewTouchController.java missing; RecentsView drift), so REBASED is justified. All three hunks are 1:1 with the A14 original, the middle one at the upstream-renamed file TaskViewTouchControllerDeprecated.java (only mActivity -> mContainer differs, an upstream rename). The porter's sub-90 concern is disproved: the OVERVIEW_HAPTIC on motion pause is NOT new in A16 - it exists verbatim in the A14 reference at lineage21/packages/apps/Trebuchet/.../NoButtonQuickSwitchTouchController.java:211-212 with the static import at :50, and AndyYan intentionally left it because his patch is an explicit partial revert of AOSP cc5c8843 (scroll/dismiss haptics only). Keeping it therefore preserves the original intent rather than violating it. No fix required."
302,patches_platform_personal,packages_apps_Trebuchet,packages_apps_Trebuchet/0003-Trebuchet-Kill-inverted-rounded-corners-above-the-ta.patch,Trebuchet: Kill inverted rounded corners above the,UNCERTAIN,PORT (fallback),VERIFIED_HIGH,96,"Provenance clean (source sha256 79044303...7a45 matches the canonical stack; candidate local == remote). The original fails git apply --check only at TaskbarBackgroundRenderer.kt:158 (drift to :173 plus the upstream leftCornerRadius/rightCornerRadius -> cornerRadius unification), so REBASED is justified and minimal. The removed 7 lines are byte-identical to AndyYan's own lineage-22-light forward-port of the same patch and sit at the same structural site. No fix required."
303,patches_platform_personal,packages_apps_SetupWizard,packages_apps_SetupWizard/0001-SetupWizard-Least-Action-s-Principle.patch,SetupWizard: Least Action(s) Principle,UNCERTAIN,PORT (fallback),VERIFIED_HIGH,95,"The porter's hand-rebased managed_profile hunk is exact, proven beyond diffstat. Root cause of the drift confirmed as upstream commit 7e4d103 'SetupWizard: Drop LineageOS copyright years' (the A14 hunk starts at line 1 and carries the copyright line as context; the other two hunks start at line 5 and were unaffected). Reconstructed the true A14 post-state independently (git show from the read-only L21 tree into a scratch dir + GNU patch with the original A14 patch) and diffed it against the A16 post-state: the ONLY difference in each of the three files is that upstream copyright line. Additionally the A14 patch made lineage_wizard_script_user.xml and lineage_wizard_script_managed_profile.xml converge to a single blob (47e99c5); the A16 result reproduces that invariant (both md5 7678485dc0941ce866a829606d260e6a; candidate post-index 726319d for both), which proves the hand-rebased hunk is exact rather than merely equal in size. Candidate vs original body difference is exactly one context line; diffstat +3/-120 (62/22/39) preserved; author, subject and Change-Id I892634b8ffc7beafa5a223de0afdc64276efd2f5 preserved."
304,patches_treble_personal,device_phh_treble,device_phh_treble/0001-Add-Meizu-18-vibrator-support.patch,Add Meizu 18 vibrator support,TD-GLUE-ESSENTIAL,PORT,VERIFIED_HIGH,96,"Skip justified on payload, not filename. The patch adds only NEW files under meizu-vibrator/ plus one additive PRODUCT_PACKAGES line in base.mk and two purely additive sepolicy stanzas whose sole purpose is to label/allow the new Meizu binary - no generic shared code is modified or removed, so skipping has no shared-code effect. The HAL drives Meizu-only sysfs (/sys/class/meizu/motor/*); the C10 is an Allwinner A523 tablet. It is also unbuildable on A16: hardware/interfaces/vibrator contains only aidl/ (HIDL vibrator@1.0-1.3 removed upstream)."
305,patches_treble_personal,device_phh_treble,device_phh_treble/0002-Revert-Include-sim-toolkit-app.patch,"Revert ""Include sim toolkit app""",TD-GLUE-ESSENTIAL,PORT,VERIFIED_HIGH,93,"Payload is a 3-line removal of the Stk PRODUCT_PACKAGES block in base.mk - a personal preference with no hardware or generic-code logic. The personal set is gated behind the 'personal' flag in buildbot_unified.sh and our recipe (buildbot_unified.sh treble 64GN) never passes it, so the proven-working A14 C10 GSI ships Stk (L21 base.mk:175). Skipping preserves exact parity with the known-good build; Stk is inert on a modem-less tablet."
306,patches_treble_personal,device_phh_treble,device_phh_treble/0003-Revert-treble-Set-BOARD_EXT4_SHARE_DUP_BLOCKS-explic.patch,"Revert ""treble: Set BOARD_EXT4_SHARE_DUP_BLOCKS",TD-GLUE-ESSENTIAL,PORT,VERIFIED_HIGH,93,"Payload reverts manifest 253 (removes BOARD_EXT4_SHARE_DUP_BLOCKS := true). Personal-set patch, gated behind the 'personal' flag that our recipe never passes. The proven-working L21 tree HAS the line (board-base.mk:14), so skipping 306 reproduces the known-good configuration exactly; independently confirmed because the post-chain A16 board-base.mk is byte-identical to the L21 end state."
